accession	class	platform	truth_bp	rung_every_nth	mode	seed	target_reads_requested	query_reads_requested	estimate_bp	estimate_over_truth	iqr_low_bp	iqr_high_bp	normalization_engaged	skew_score	skew_verdict	detection_sample_reads	profile_median_depth	retained_reads	total_reads	queries_without_overlaps_pct	small_pool_warning	elapsed	max_rss_kb	exit_status	run_dir
SRR10353548	outlier	OXFORD_NANOPORE	2269994	1	never	7	1500	750	39083	0.017	27460	1950000	no	NA	NA	NA	NA	NA	251253	4.80	no	0:15.48	212752	0	runs/SRR10353548/n1.never.s7
SRR10353548	outlier	OXFORD_NANOPORE	2269994	1	never	42	1500	750	38987	0.017	27220	1620000	no	NA	NA	NA	NA	NA	251253	6.27	no	0:15.78	205464	0	runs/SRR10353548/n1.never.s42
SRR10353548	outlier	OXFORD_NANOPORE	2269994	1	never	4556	1500	750	39547	0.017	27990	1860000	no	NA	NA	NA	NA	NA	251253	6.00	no	0:15.20	197720	0	runs/SRR10353548/n1.never.s4556
SRR10353548	outlier	OXFORD_NANOPORE	2269994	1	auto	7	1500	750	2134790	0.940	869660	2720000	yes	286.00	detected	2442	21	84735	251253	2.40	no	0:19.50	130416	0	runs/SRR10353548/n1.auto.s7
SRR10353548	outlier	OXFORD_NANOPORE	2269994	1	auto	42	1500	750	2144394	0.945	825930	2740000	yes	274.00	detected	2489	21	84555	251253	1.47	no	0:19.59	137816	0	runs/SRR10353548/n1.auto.s42
SRR10353548	outlier	OXFORD_NANOPORE	2269994	1	auto	4556	1500	750	2090136	0.921	890990	2770000	yes	281.00	detected	2546	21	84590	251253	1.47	no	0:19.03	137104	0	runs/SRR10353548/n1.auto.s4556
SRR10353548	outlier	OXFORD_NANOPORE	2269994	1	always	7	1500	750	2134790	0.940	869660	2720000	yes	NA	not reported	2442	21	84735	251253	2.40	no	0:19.36	145236	0	runs/SRR10353548/n1.always.s7
SRR10353548	outlier	OXFORD_NANOPORE	2269994	1	always	42	1500	750	2144394	0.945	825930	2740000	yes	NA	not reported	2489	21	84555	251253	1.47	no	0:19.10	138472	0	runs/SRR10353548/n1.always.s42
SRR10353548	outlier	OXFORD_NANOPORE	2269994	1	always	4556	1500	750	2090136	0.921	890990	2770000	yes	NA	not reported	2546	21	84590	251253	1.47	no	0:18.97	143000	0	runs/SRR10353548/n1.always.s4556
SRR10353548	outlier	OXFORD_NANOPORE	2269994	8	never	7	1500	750	40224	0.018	28980	1800000	no	NA	NA	NA	NA	NA	31407	4.53	no	0:03.13	200944	0	runs/SRR10353548/n8.never.s7
SRR10353548	outlier	OXFORD_NANOPORE	2269994	8	never	42	1500	750	40636	0.018	28070	2100000	no	NA	NA	NA	NA	NA	31407	4.53	no	0:02.99	190936	0	runs/SRR10353548/n8.never.s42
SRR10353548	outlier	OXFORD_NANOPORE	2269994	8	never	4556	1500	750	40039	0.018	26890	1270000	no	NA	NA	NA	NA	NA	31407	4.27	no	0:03.12	192208	0	runs/SRR10353548/n8.never.s4556
SRR10353548	outlier	OXFORD_NANOPORE	2269994	8	auto	7	1500	750	2099323	0.925	566850	2720000	yes	69.00	detected	500	6	15149	31407	1.87	no	0:01.06	171764	0	runs/SRR10353548/n8.auto.s7
SRR10353548	outlier	OXFORD_NANOPORE	2269994	8	auto	42	1500	750	2169375	0.956	758830	2810000	yes	71.00	detected	500	6	15155	31407	2.13	no	0:01.10	160472	0	runs/SRR10353548/n8.auto.s42
SRR10353548	outlier	OXFORD_NANOPORE	2269994	8	auto	4556	1500	750	2088218	0.920	752390	2670000	yes	65.00	detected	500	6	15146	31407	1.33	no	0:01.04	169548	0	runs/SRR10353548/n8.auto.s4556
SRR10353548	outlier	OXFORD_NANOPORE	2269994	8	always	7	1500	750	2099323	0.925	566850	2720000	yes	NA	not reported	500	6	15149	31407	1.87	no	0:01.09	176740	0	runs/SRR10353548/n8.always.s7
SRR10353548	outlier	OXFORD_NANOPORE	2269994	8	always	42	1500	750	2169375	0.956	758830	2810000	yes	NA	not reported	500	6	15155	31407	2.13	no	0:01.09	168416	0	runs/SRR10353548/n8.always.s42
SRR10353548	outlier	OXFORD_NANOPORE	2269994	8	always	4556	1500	750	2088218	0.920	752390	2670000	yes	NA	not reported	500	6	15146	31407	1.33	no	0:01.05	162272	0	runs/SRR10353548/n8.always.s4556
SRR10353548	outlier	OXFORD_NANOPORE	2269994	13	never	7	1500	750	40905	0.018	28090	1580000	no	NA	NA	NA	NA	NA	19328	4.00	no	0:02.99	190932	0	runs/SRR10353548/n13.never.s7
SRR10353548	outlier	OXFORD_NANOPORE	2269994	13	never	42	1500	750	38874	0.017	29190	2080000	no	NA	NA	NA	NA	NA	19328	4.53	no	0:02.95	191380	0	runs/SRR10353548/n13.never.s42
SRR10353548	outlier	OXFORD_NANOPORE	2269994	13	never	4556	1500	750	44052	0.019	28140	2080000	no	NA	NA	NA	NA	NA	19328	5.60	no	0:02.80	211580	0	runs/SRR10353548/n13.never.s4556
SRR10353548	outlier	OXFORD_NANOPORE	2269994	13	auto	7	1500	750	2135424	0.941	882310	2670000	yes	70.00	detected	500	4	9363	19328	1.47	no	0:00.83	180852	0	runs/SRR10353548/n13.auto.s7
SRR10353548	outlier	OXFORD_NANOPORE	2269994	13	auto	42	1500	750	2049366	0.903	656400	2590000	yes	72.00	detected	500	4	9400	19328	0.80	no	0:00.80	162644	0	runs/SRR10353548/n13.auto.s42
SRR10353548	outlier	OXFORD_NANOPORE	2269994	13	auto	4556	1500	750	2104885	0.927	788660	2700000	yes	62.00	detected	500	4	9417	19328	1.47	no	0:00.78	165560	0	runs/SRR10353548/n13.auto.s4556
SRR10353548	outlier	OXFORD_NANOPORE	2269994	13	always	7	1500	750	2135424	0.941	882310	2670000	yes	NA	not reported	500	4	9363	19328	1.47	no	0:00.77	171308	0	runs/SRR10353548/n13.always.s7
SRR10353548	outlier	OXFORD_NANOPORE	2269994	13	always	42	1500	750	2049366	0.903	656400	2590000	yes	NA	not reported	500	4	9400	19328	0.80	no	0:00.77	166912	0	runs/SRR10353548/n13.always.s42
SRR10353548	outlier	OXFORD_NANOPORE	2269994	13	always	4556	1500	750	2104885	0.927	788660	2700000	yes	NA	not reported	500	4	9417	19328	1.47	no	0:00.81	169928	0	runs/SRR10353548/n13.always.s4556
SRR10353548	outlier	OXFORD_NANOPORE	2269994	19	never	7	1500	750	39694	0.017	27670	1880000	no	NA	NA	NA	NA	NA	13224	5.87	no	0:02.77	190480	0	runs/SRR10353548/n19.never.s7
SRR10353548	outlier	OXFORD_NANOPORE	2269994	19	never	42	1500	750	38904	0.017	27670	2100000	no	NA	NA	NA	NA	NA	13224	4.27	no	0:02.85	213144	0	runs/SRR10353548/n19.never.s42
SRR10353548	outlier	OXFORD_NANOPORE	2269994	19	never	4556	1500	750	39720	0.017	27680	1890000	no	NA	NA	NA	NA	NA	13224	3.20	no	0:02.94	196120	0	runs/SRR10353548/n19.never.s4556
SRR10353548	outlier	OXFORD_NANOPORE	2269994	19	auto	7	1500	750	2062951	0.909	666710	2660000	yes	70.00	detected	500	3	6570	13224	1.20	no	0:00.67	145676	0	runs/SRR10353548/n19.auto.s7
SRR10353548	outlier	OXFORD_NANOPORE	2269994	19	auto	42	1500	750	2061288	0.908	514640	2650000	yes	63.00	detected	500	3	6556	13224	1.33	no	0:00.67	170308	0	runs/SRR10353548/n19.auto.s42
SRR10353548	outlier	OXFORD_NANOPORE	2269994	19	auto	4556	1500	750	2124058	0.936	601620	2720000	yes	69.00	detected	500	3	6549	13224	2.27	no	0:00.67	175568	0	runs/SRR10353548/n19.auto.s4556
SRR10353548	outlier	OXFORD_NANOPORE	2269994	19	always	7	1500	750	2062951	0.909	666710	2660000	yes	NA	not reported	500	3	6570	13224	1.20	no	0:00.67	147904	0	runs/SRR10353548/n19.always.s7
SRR10353548	outlier	OXFORD_NANOPORE	2269994	19	always	42	1500	750	2061288	0.908	514640	2650000	yes	NA	not reported	500	3	6556	13224	1.33	no	0:00.68	173320	0	runs/SRR10353548/n19.always.s42
SRR10353548	outlier	OXFORD_NANOPORE	2269994	19	always	4556	1500	750	2124058	0.936	601620	2720000	yes	NA	not reported	500	3	6549	13224	2.27	no	0:00.68	180560	0	runs/SRR10353548/n19.always.s4556
SRR10353548	outlier	OXFORD_NANOPORE	2269994	26	never	7	1500	750	39347	0.017	28680	2420000	no	NA	NA	NA	NA	NA	9664	3.87	no	0:03.09	209888	0	runs/SRR10353548/n26.never.s7
SRR10353548	outlier	OXFORD_NANOPORE	2269994	26	never	42	1500	750	41769	0.018	27560	1690000	no	NA	NA	NA	NA	NA	9664	5.73	no	0:03.02	216384	0	runs/SRR10353548/n26.never.s42
SRR10353548	outlier	OXFORD_NANOPORE	2269994	26	never	4556	1500	750	40081	0.018	27850	2270000	no	NA	NA	NA	NA	NA	9664	6.00	no	0:02.93	213252	0	runs/SRR10353548/n26.never.s4556
SRR10353548	outlier	OXFORD_NANOPORE	2269994	26	auto	7	1500	750	2235648	0.985	713700	2780000	yes	72.00	detected	500	2	4632	9664	1.47	no	0:00.56	167000	0	runs/SRR10353548/n26.auto.s7
SRR10353548	outlier	OXFORD_NANOPORE	2269994	26	auto	42	1500	750	2236845	0.985	897160	2800000	yes	68.00	detected	500	2	4652	9664	0.80	no	0:00.56	168660	0	runs/SRR10353548/n26.auto.s42
SRR10353548	outlier	OXFORD_NANOPORE	2269994	26	auto	4556	1500	750	2227321	0.981	868640	2620000	yes	79.00	detected	500	2	4658	9664	2.80	no	0:00.56	166480	0	runs/SRR10353548/n26.auto.s4556
SRR10353548	outlier	OXFORD_NANOPORE	2269994	26	always	7	1500	750	2235648	0.985	713700	2780000	yes	NA	not reported	500	2	4632	9664	1.47	no	0:00.58	166856	0	runs/SRR10353548/n26.always.s7
SRR10353548	outlier	OXFORD_NANOPORE	2269994	26	always	42	1500	750	2236845	0.985	897160	2800000	yes	NA	not reported	500	2	4652	9664	0.80	no	0:00.57	175128	0	runs/SRR10353548/n26.always.s42
SRR10353548	outlier	OXFORD_NANOPORE	2269994	26	always	4556	1500	750	2227321	0.981	868640	2620000	yes	NA	not reported	500	2	4658	9664	2.80	no	0:00.57	166904	0	runs/SRR10353548/n26.always.s4556
SRR10353548	outlier	OXFORD_NANOPORE	2269994	38	never	7	1500	750	39765	0.018	28730	2170000	no	NA	NA	NA	NA	NA	6612	5.20	no	0:02.74	187944	0	runs/SRR10353548/n38.never.s7
SRR10353548	outlier	OXFORD_NANOPORE	2269994	38	never	42	1500	750	39018	0.017	28080	1970000	no	NA	NA	NA	NA	NA	6612	4.93	no	0:03.03	196712	0	runs/SRR10353548/n38.never.s42
SRR10353548	outlier	OXFORD_NANOPORE	2269994	38	never	4556	1500	750	36030	0.016	26510	2280000	no	NA	NA	NA	NA	NA	6612	4.53	no	0:02.93	200308	0	runs/SRR10353548/n38.never.s4556
SRR10353548	outlier	OXFORD_NANOPORE	2269994	38	auto	7	1500	750	2152948	0.948	531450	2760000	yes	65.00	detected	500	2	3413	6612	0.80	no	0:00.52	163884	0	runs/SRR10353548/n38.auto.s7
SRR10353548	outlier	OXFORD_NANOPORE	2269994	38	auto	42	1500	750	2043857	0.900	477740	2700000	yes	69.00	detected	500	2	3410	6612	2.13	no	0:00.56	166244	0	runs/SRR10353548/n38.auto.s42
SRR10353548	outlier	OXFORD_NANOPORE	2269994	38	auto	4556	1500	750	2066109	0.910	560890	2620000	yes	64.00	detected	500	2	3397	6612	2.00	no	0:00.52	156452	0	runs/SRR10353548/n38.auto.s4556
SRR10353548	outlier	OXFORD_NANOPORE	2269994	38	always	7	1500	750	2152948	0.948	531450	2760000	yes	NA	not reported	500	2	3413	6612	0.80	no	0:00.54	161968	0	runs/SRR10353548/n38.always.s7
SRR10353548	outlier	OXFORD_NANOPORE	2269994	38	always	42	1500	750	2043857	0.900	477740	2700000	yes	NA	not reported	500	2	3410	6612	2.13	no	0:00.53	168636	0	runs/SRR10353548/n38.always.s42
SRR10353548	outlier	OXFORD_NANOPORE	2269994	38	always	4556	1500	750	2066109	0.910	560890	2620000	yes	NA	not reported	500	2	3397	6612	2.00	no	0:00.53	174040	0	runs/SRR10353548/n38.always.s4556
SRR10353548	outlier	OXFORD_NANOPORE	2269994	60	never	7	750	375	37918	0.017	26370	816730	no	NA	NA	NA	NA	NA	4188	13.07	no	0:00.75	102432	0	runs_deep/SRR10353548/n60.never.s7
SRR10353548	outlier	OXFORD_NANOPORE	2269994	60	never	42	750	375	37424	0.016	26780	487780	no	NA	NA	NA	NA	NA	4188	10.13	no	0:00.81	101380	0	runs_deep/SRR10353548/n60.never.s42
SRR10353548	outlier	OXFORD_NANOPORE	2269994	60	never	4556	750	375	41964	0.018	25940	981470	no	NA	NA	NA	NA	NA	4188	13.60	no	0:00.71	103872	0	runs_deep/SRR10353548/n60.never.s4556
SRR10353548	outlier	OXFORD_NANOPORE	2269994	60	auto	7	750	375	1957968	0.863	697390	2550000	yes	68.00	detected	500	1	2067	4188	5.87	no	0:00.28	113340	0	runs_deep/SRR10353548/n60.auto.s7
SRR10353548	outlier	OXFORD_NANOPORE	2269994	60	auto	42	750	375	1744723	0.769	634340	2280000	yes	62.00	detected	500	1	2040	4188	7.73	no	0:00.28	95540	0	runs_deep/SRR10353548/n60.auto.s42
SRR10353548	outlier	OXFORD_NANOPORE	2269994	60	auto	4556	750	375	1956751	0.862	627140	2520000	yes	69.00	detected	500	1	2073	4188	9.07	no	0:00.28	113120	0	runs_deep/SRR10353548/n60.auto.s4556
SRR10353548	outlier	OXFORD_NANOPORE	2269994	60	always	7	750	375	1957968	0.863	697390	2550000	yes	NA	not reported	500	1	2067	4188	5.87	no	0:00.29	108820	0	runs_deep/SRR10353548/n60.always.s7
SRR10353548	outlier	OXFORD_NANOPORE	2269994	60	always	42	750	375	1744723	0.769	634340	2280000	yes	NA	not reported	500	1	2040	4188	7.73	no	0:00.29	94648	0	runs_deep/SRR10353548/n60.always.s42
SRR10353548	outlier	OXFORD_NANOPORE	2269994	60	always	4556	750	375	1956751	0.862	627140	2520000	yes	NA	not reported	500	1	2073	4188	9.07	no	0:00.28	108840	0	runs_deep/SRR10353548/n60.always.s4556
SRR10353548	outlier	OXFORD_NANOPORE	2269994	80	never	7	750	375	39934	0.018	28100	1040000	no	NA	NA	NA	NA	NA	3141	11.47	no	0:00.76	103476	0	runs_deep/SRR10353548/n80.never.s7
SRR10353548	outlier	OXFORD_NANOPORE	2269994	80	never	42	750	375	40309	0.018	29440	823190	no	NA	NA	NA	NA	NA	3141	12.80	no	0:00.73	97712	0	runs_deep/SRR10353548/n80.never.s42
SRR10353548	outlier	OXFORD_NANOPORE	2269994	80	never	4556	750	375	39116	0.017	27730	1340000	no	NA	NA	NA	NA	NA	3141	12.53	no	0:00.65	100384	0	runs_deep/SRR10353548/n80.never.s4556
SRR10353548	outlier	OXFORD_NANOPORE	2269994	80	auto	7	750	375	1909477	0.841	493800	2270000	yes	72.00	detected	500	1	1613	3141	8.53	no	0:00.25	105816	0	runs_deep/SRR10353548/n80.auto.s7
SRR10353548	outlier	OXFORD_NANOPORE	2269994	80	auto	42	750	375	1888527	0.832	700870	2510000	yes	68.00	detected	500	1	1592	3141	10.40	no	0:00.27	96552	0	runs_deep/SRR10353548/n80.auto.s42
SRR10353548	outlier	OXFORD_NANOPORE	2269994	80	auto	4556	750	375	1666168	0.734	453250	2150000	yes	69.00	detected	500	1	1612	3141	11.20	no	0:00.26	101288	0	runs_deep/SRR10353548/n80.auto.s4556
SRR10353548	outlier	OXFORD_NANOPORE	2269994	80	always	7	750	375	1909477	0.841	493800	2270000	yes	NA	not reported	500	1	1613	3141	8.53	no	0:00.28	105624	0	runs_deep/SRR10353548/n80.always.s7
SRR10353548	outlier	OXFORD_NANOPORE	2269994	80	always	42	750	375	1888527	0.832	700870	2510000	yes	NA	not reported	500	1	1592	3141	10.40	no	0:00.25	92900	0	runs_deep/SRR10353548/n80.always.s42
SRR10353548	outlier	OXFORD_NANOPORE	2269994	80	always	4556	750	375	1666168	0.734	453250	2150000	yes	NA	not reported	500	1	1612	3141	11.20	no	0:00.25	102016	0	runs_deep/SRR10353548/n80.always.s4556
SRR10353548	outlier	OXFORD_NANOPORE	2269994	100	never	7	750	375	40330	0.018	27270	1270000	no	NA	NA	NA	NA	NA	2513	10.67	no	0:00.78	106648	0	runs_deep/SRR10353548/n100.never.s7
SRR10353548	outlier	OXFORD_NANOPORE	2269994	100	never	42	750	375	40641	0.018	28690	672600	no	NA	NA	NA	NA	NA	2513	10.13	no	0:00.85	99000	0	runs_deep/SRR10353548/n100.never.s42
SRR10353548	outlier	OXFORD_NANOPORE	2269994	100	never	4556	750	375	40131	0.018	26010	483670	no	NA	NA	NA	NA	NA	2513	16.00	no	0:00.74	97668	0	runs_deep/SRR10353548/n100.never.s4556
SRR10353548	outlier	OXFORD_NANOPORE	2269994	100	auto	7	750	375	1807437	0.796	350680	2260000	yes	73.00	detected	500	1	1299	2513	9.60	no	0:00.26	97816	0	runs_deep/SRR10353548/n100.auto.s7
SRR10353548	outlier	OXFORD_NANOPORE	2269994	100	auto	42	750	375	1945796	0.857	420460	2500000	yes	67.00	detected	500	1	1274	2513	8.27	no	0:00.25	101196	0	runs_deep/SRR10353548/n100.auto.s42
SRR10353548	outlier	OXFORD_NANOPORE	2269994	100	auto	4556	750	375	2176722	0.959	596230	2700000	yes	72.00	detected	500	1	1281	2513	12.27	no	0:00.24	97480	0	runs_deep/SRR10353548/n100.auto.s4556
SRR10353548	outlier	OXFORD_NANOPORE	2269994	100	always	7	750	375	1807437	0.796	350680	2260000	yes	NA	not reported	500	1	1299	2513	9.60	no	0:00.25	105460	0	runs_deep/SRR10353548/n100.always.s7
SRR10353548	outlier	OXFORD_NANOPORE	2269994	100	always	42	750	375	1945796	0.857	420460	2500000	yes	NA	not reported	500	1	1274	2513	8.27	no	0:00.24	100600	0	runs_deep/SRR10353548/n100.always.s42
SRR10353548	outlier	OXFORD_NANOPORE	2269994	100	always	4556	750	375	2176722	0.959	596230	2700000	yes	NA	not reported	500	1	1281	2513	12.27	no	0:00.25	94160	0	runs_deep/SRR10353548/n100.always.s4556
SRR10388020	outlier	OXFORD_NANOPORE	2218399	1	never	7	1500	750	38348	0.017	28990	2080000	no	NA	NA	NA	NA	NA	182663	6.13	no	0:08.78	161220	0	runs/SRR10388020/n1.never.s7
SRR10388020	outlier	OXFORD_NANOPORE	2218399	1	never	42	1500	750	422592	0.190	29550	1960000	no	NA	NA	NA	NA	NA	182663	5.20	no	0:08.69	152448	0	runs/SRR10388020/n1.never.s42
SRR10388020	outlier	OXFORD_NANOPORE	2218399	1	never	4556	1500	750	40415	0.018	30600	1790000	no	NA	NA	NA	NA	NA	182663	3.33	no	0:08.73	161204	0	runs/SRR10388020/n1.never.s4556
SRR10388020	outlier	OXFORD_NANOPORE	2218399	1	auto	7	1500	750	2168781	0.978	787270	2750000	yes	181.00	detected	1777	16	67348	182663	1.60	no	0:10.81	110460	0	runs/SRR10388020/n1.auto.s7
SRR10388020	outlier	OXFORD_NANOPORE	2218399	1	auto	42	1500	750	2112590	0.952	775570	2700000	yes	205.00	detected	1805	17	69218	182663	2.00	no	0:11.05	108736	0	runs/SRR10388020/n1.auto.s42
SRR10388020	outlier	OXFORD_NANOPORE	2218399	1	auto	4556	1500	750	1908998	0.861	725480	2660000	yes	205.00	detected	1838	16	66969	182663	2.40	no	0:10.97	110612	0	runs/SRR10388020/n1.auto.s4556
SRR10388020	outlier	OXFORD_NANOPORE	2218399	1	always	7	1500	750	2168781	0.978	787270	2750000	yes	NA	not reported	1777	16	67348	182663	1.60	no	0:10.80	99052	0	runs/SRR10388020/n1.always.s7
SRR10388020	outlier	OXFORD_NANOPORE	2218399	1	always	42	1500	750	2112590	0.952	775570	2700000	yes	NA	not reported	1805	17	69218	182663	2.00	no	0:10.66	110796	0	runs/SRR10388020/n1.always.s42
SRR10388020	outlier	OXFORD_NANOPORE	2218399	1	always	4556	1500	750	1908998	0.861	725480	2660000	yes	NA	not reported	1838	16	66969	182663	2.40	no	0:10.94	110160	0	runs/SRR10388020/n1.always.s4556
SRR10388020	outlier	OXFORD_NANOPORE	2218399	6	never	7	1500	750	411379	0.185	27940	2450000	no	NA	NA	NA	NA	NA	30444	5.33	no	0:02.10	177084	0	runs/SRR10388020/n6.never.s7
SRR10388020	outlier	OXFORD_NANOPORE	2218399	6	never	42	1500	750	37127	0.017	27720	2300000	no	NA	NA	NA	NA	NA	30444	8.40	no	0:02.17	168876	0	runs/SRR10388020/n6.never.s42
SRR10388020	outlier	OXFORD_NANOPORE	2218399	6	never	4556	1500	750	39464	0.018	28550	1810000	no	NA	NA	NA	NA	NA	30444	5.47	no	0:02.21	157088	0	runs/SRR10388020/n6.never.s4556
SRR10388020	outlier	OXFORD_NANOPORE	2218399	6	auto	7	1500	750	2167175	0.977	849480	2750000	yes	66.00	detected	500	6	15653	30444	1.87	no	0:00.81	136172	0	runs/SRR10388020/n6.auto.s7
SRR10388020	outlier	OXFORD_NANOPORE	2218399	6	auto	42	1500	750	1995394	0.899	705000	2640000	yes	62.00	detected	500	6	15689	30444	2.27	no	0:00.82	142452	0	runs/SRR10388020/n6.auto.s42
SRR10388020	outlier	OXFORD_NANOPORE	2218399	6	auto	4556	1500	750	1963561	0.885	793430	2400000	yes	66.00	detected	500	6	15740	30444	2.67	no	0:00.80	133800	0	runs/SRR10388020/n6.auto.s4556
SRR10388020	outlier	OXFORD_NANOPORE	2218399	6	always	7	1500	750	2167175	0.977	849480	2750000	yes	NA	not reported	500	6	15653	30444	1.87	no	0:00.81	136000	0	runs/SRR10388020/n6.always.s7
SRR10388020	outlier	OXFORD_NANOPORE	2218399	6	always	42	1500	750	1995394	0.899	705000	2640000	yes	NA	not reported	500	6	15689	30444	2.27	no	0:00.87	141444	0	runs/SRR10388020/n6.always.s42
SRR10388020	outlier	OXFORD_NANOPORE	2218399	6	always	4556	1500	750	1963561	0.885	793430	2400000	yes	NA	not reported	500	6	15740	30444	2.67	no	0:00.88	136800	0	runs/SRR10388020/n6.always.s4556
SRR10388020	outlier	OXFORD_NANOPORE	2218399	10	never	7	1500	750	39973	0.018	31430	2200000	no	NA	NA	NA	NA	NA	18267	4.93	no	0:02.30	161168	0	runs/SRR10388020/n10.never.s7
SRR10388020	outlier	OXFORD_NANOPORE	2218399	10	never	42	1500	750	36745	0.017	28380	1400000	no	NA	NA	NA	NA	NA	18267	4.80	no	0:02.29	165444	0	runs/SRR10388020/n10.never.s42
SRR10388020	outlier	OXFORD_NANOPORE	2218399	10	never	4556	1500	750	39951	0.018	29760	1960000	no	NA	NA	NA	NA	NA	18267	6.40	no	0:02.21	155680	0	runs/SRR10388020/n10.never.s4556
SRR10388020	outlier	OXFORD_NANOPORE	2218399	10	auto	7	1500	750	2192204	0.988	676160	2690000	yes	67.00	detected	500	3	8975	18267	2.00	no	0:00.58	145676	0	runs/SRR10388020/n10.auto.s7
SRR10388020	outlier	OXFORD_NANOPORE	2218399	10	auto	42	1500	750	2080151	0.938	639190	2640000	yes	67.00	detected	500	3	8946	18267	3.33	no	0:00.62	135308	0	runs/SRR10388020/n10.auto.s42
SRR10388020	outlier	OXFORD_NANOPORE	2218399	10	auto	4556	1500	750	2031212	0.916	819710	2510000	yes	63.00	detected	500	3	8996	18267	3.73	no	0:00.60	137748	0	runs/SRR10388020/n10.auto.s4556
SRR10388020	outlier	OXFORD_NANOPORE	2218399	10	always	7	1500	750	2192204	0.988	676160	2690000	yes	NA	not reported	500	3	8975	18267	2.00	no	0:00.59	131952	0	runs/SRR10388020/n10.always.s7
SRR10388020	outlier	OXFORD_NANOPORE	2218399	10	always	42	1500	750	2080151	0.938	639190	2640000	yes	NA	not reported	500	3	8946	18267	3.33	no	0:00.62	141808	0	runs/SRR10388020/n10.always.s42
SRR10388020	outlier	OXFORD_NANOPORE	2218399	10	always	4556	1500	750	2031212	0.916	819710	2510000	yes	NA	not reported	500	3	8996	18267	3.73	no	0:00.64	137556	0	runs/SRR10388020/n10.always.s4556
SRR10388020	outlier	OXFORD_NANOPORE	2218399	14	never	7	1500	750	37312	0.017	27590	2240000	no	NA	NA	NA	NA	NA	13048	4.53	no	0:02.31	153588	0	runs/SRR10388020/n14.never.s7
SRR10388020	outlier	OXFORD_NANOPORE	2218399	14	never	42	1500	750	38434	0.017	28240	1930000	no	NA	NA	NA	NA	NA	13048	5.73	no	0:02.08	147660	0	runs/SRR10388020/n14.never.s42
SRR10388020	outlier	OXFORD_NANOPORE	2218399	14	never	4556	1500	750	40407	0.018	30160	2460000	no	NA	NA	NA	NA	NA	13048	5.20	no	0:02.06	158668	0	runs/SRR10388020/n14.never.s4556
SRR10388020	outlier	OXFORD_NANOPORE	2218399	14	auto	7	1500	750	2199094	0.991	574010	2740000	yes	62.00	detected	500	3	6869	13048	3.60	no	0:00.52	142244	0	runs/SRR10388020/n14.auto.s7
SRR10388020	outlier	OXFORD_NANOPORE	2218399	14	auto	42	1500	750	2005777	0.904	530140	2580000	yes	62.00	detected	500	3	6847	13048	1.47	no	0:00.53	141488	0	runs/SRR10388020/n14.auto.s42
SRR10388020	outlier	OXFORD_NANOPORE	2218399	14	auto	4556	1500	750	2063238	0.930	613250	2660000	yes	58.00	detected	500	3	6886	13048	2.80	no	0:00.51	140064	0	runs/SRR10388020/n14.auto.s4556
SRR10388020	outlier	OXFORD_NANOPORE	2218399	14	always	7	1500	750	2199094	0.991	574010	2740000	yes	NA	not reported	500	3	6869	13048	3.60	no	0:00.51	143380	0	runs/SRR10388020/n14.always.s7
SRR10388020	outlier	OXFORD_NANOPORE	2218399	14	always	42	1500	750	2005777	0.904	530140	2580000	yes	NA	not reported	500	3	6847	13048	1.47	no	0:00.51	139528	0	runs/SRR10388020/n14.always.s42
SRR10388020	outlier	OXFORD_NANOPORE	2218399	14	always	4556	1500	750	2063238	0.930	613250	2660000	yes	NA	not reported	500	3	6886	13048	2.80	no	0:00.51	141208	0	runs/SRR10388020/n14.always.s4556
SRR10388020	outlier	OXFORD_NANOPORE	2218399	20	never	7	1500	750	39468	0.018	29580	1910000	no	NA	NA	NA	NA	NA	9134	5.60	no	0:02.02	154192	0	runs/SRR10388020/n20.never.s7
SRR10388020	outlier	OXFORD_NANOPORE	2218399	20	never	42	1500	750	39417	0.018	28900	2110000	no	NA	NA	NA	NA	NA	9134	3.60	no	0:02.07	151492	0	runs/SRR10388020/n20.never.s42
SRR10388020	outlier	OXFORD_NANOPORE	2218399	20	never	4556	1500	750	39887	0.018	29580	2230000	no	NA	NA	NA	NA	NA	9134	4.80	no	0:02.17	185724	0	runs/SRR10388020/n20.never.s4556
SRR10388020	outlier	OXFORD_NANOPORE	2218399	20	auto	7	1500	750	2037205	0.918	719580	2700000	yes	62.00	detected	500	2	4751	9134	2.80	no	0:00.44	134048	0	runs/SRR10388020/n20.auto.s7
SRR10388020	outlier	OXFORD_NANOPORE	2218399	20	auto	42	1500	750	2042286	0.921	614760	2560000	yes	69.00	detected	500	2	4739	9134	3.20	no	0:00.43	132696	0	runs/SRR10388020/n20.auto.s42
SRR10388020	outlier	OXFORD_NANOPORE	2218399	20	auto	4556	1500	750	1986848	0.896	782530	2550000	yes	63.00	detected	500	2	4675	9134	2.53	no	0:00.43	134604	0	runs/SRR10388020/n20.auto.s4556
SRR10388020	outlier	OXFORD_NANOPORE	2218399	20	always	7	1500	750	2037205	0.918	719580	2700000	yes	NA	not reported	500	2	4751	9134	2.80	no	0:00.42	134860	0	runs/SRR10388020/n20.always.s7
SRR10388020	outlier	OXFORD_NANOPORE	2218399	20	always	42	1500	750	2042286	0.921	614760	2560000	yes	NA	not reported	500	2	4739	9134	3.20	no	0:00.43	134764	0	runs/SRR10388020/n20.always.s42
SRR10388020	outlier	OXFORD_NANOPORE	2218399	20	always	4556	1500	750	1986848	0.896	782530	2550000	yes	NA	not reported	500	2	4675	9134	2.53	no	0:00.44	131700	0	runs/SRR10388020/n20.always.s4556
SRR10388020	outlier	OXFORD_NANOPORE	2218399	29	never	7	1500	750	380749	0.172	30400	2320000	no	NA	NA	NA	NA	NA	6299	4.67	no	0:02.06	147212	0	runs/SRR10388020/n29.never.s7
SRR10388020	outlier	OXFORD_NANOPORE	2218399	29	never	42	1500	750	39116	0.018	30130	1460000	no	NA	NA	NA	NA	NA	6299	5.87	no	0:02.24	149980	0	runs/SRR10388020/n29.never.s42
SRR10388020	outlier	OXFORD_NANOPORE	2218399	29	never	4556	1500	750	38693	0.017	29790	2070000	no	NA	NA	NA	NA	NA	6299	5.60	no	0:02.20	151116	0	runs/SRR10388020/n29.never.s4556
SRR10388020	outlier	OXFORD_NANOPORE	2218399	29	auto	7	1500	750	2162198	0.975	628280	2730000	yes	63.00	detected	500	2	3396	6299	1.60	no	0:00.39	142112	0	runs/SRR10388020/n29.auto.s7
SRR10388020	outlier	OXFORD_NANOPORE	2218399	29	auto	42	1500	750	1902154	0.857	575440	2490000	yes	65.00	detected	500	2	3385	6299	1.73	no	0:00.40	140820	0	runs/SRR10388020/n29.auto.s42
SRR10388020	outlier	OXFORD_NANOPORE	2218399	29	auto	4556	1500	750	2094324	0.944	540760	2660000	yes	62.00	detected	500	2	3402	6299	1.07	no	0:00.39	140624	0	runs/SRR10388020/n29.auto.s4556
SRR10388020	outlier	OXFORD_NANOPORE	2218399	29	always	7	1500	750	2162198	0.975	628280	2730000	yes	NA	not reported	500	2	3396	6299	1.60	no	0:00.46	133824	0	runs/SRR10388020/n29.always.s7
SRR10388020	outlier	OXFORD_NANOPORE	2218399	29	always	42	1500	750	1902154	0.857	575440	2490000	yes	NA	not reported	500	2	3385	6299	1.73	no	0:00.40	136080	0	runs/SRR10388020/n29.always.s42
SRR10388020	outlier	OXFORD_NANOPORE	2218399	29	always	4556	1500	750	2094324	0.944	540760	2660000	yes	NA	not reported	500	2	3402	6299	1.07	no	0:00.49	140832	0	runs/SRR10388020/n29.always.s4556
SRR10388020	outlier	OXFORD_NANOPORE	2218399	45	never	7	750	375	36646	0.017	26830	1300000	no	NA	NA	NA	NA	NA	4060	12.80	no	0:00.70	97868	0	runs_deep/SRR10388020/n45.never.s7
SRR10388020	outlier	OXFORD_NANOPORE	2218399	45	never	42	750	375	39432	0.018	29380	1310000	no	NA	NA	NA	NA	NA	4060	13.60	no	0:00.71	93388	0	runs_deep/SRR10388020/n45.never.s42
SRR10388020	outlier	OXFORD_NANOPORE	2218399	45	never	4556	750	375	39440	0.018	27810	1100000	no	NA	NA	NA	NA	NA	4060	16.27	no	0:00.67	95924	0	runs_deep/SRR10388020/n45.never.s4556
SRR10388020	outlier	OXFORD_NANOPORE	2218399	45	auto	7	750	375	1766134	0.796	451510	2270000	yes	70.00	detected	500	1	2098	4060	13.07	no	0:00.26	97708	0	runs_deep/SRR10388020/n45.auto.s7
SRR10388020	outlier	OXFORD_NANOPORE	2218399	45	auto	42	750	375	1786714	0.805	597420	2460000	yes	68.00	detected	500	1	2077	4060	13.60	no	0:00.27	91264	0	runs_deep/SRR10388020/n45.auto.s42
SRR10388020	outlier	OXFORD_NANOPORE	2218399	45	auto	4556	750	375	1769269	0.798	612450	2340000	yes	61.00	detected	500	1	2101	4060	11.20	no	0:00.26	88216	0	runs_deep/SRR10388020/n45.auto.s4556
SRR10388020	outlier	OXFORD_NANOPORE	2218399	45	always	7	750	375	1766134	0.796	451510	2270000	yes	NA	not reported	500	1	2098	4060	13.07	no	0:00.26	96108	0	runs_deep/SRR10388020/n45.always.s7
SRR10388020	outlier	OXFORD_NANOPORE	2218399	45	always	42	750	375	1786714	0.805	597420	2460000	yes	NA	not reported	500	1	2077	4060	13.60	no	0:00.27	89380	0	runs_deep/SRR10388020/n45.always.s42
SRR10388020	outlier	OXFORD_NANOPORE	2218399	45	always	4556	750	375	1769269	0.798	612450	2340000	yes	NA	not reported	500	1	2101	4060	11.20	no	0:00.27	92980	0	runs_deep/SRR10388020/n45.always.s4556
SRR10388020	outlier	OXFORD_NANOPORE	2218399	60	never	7	750	375	38264	0.017	28170	1120000	no	NA	NA	NA	NA	NA	3045	16.00	no	0:00.65	96440	0	runs_deep/SRR10388020/n60.never.s7
SRR10388020	outlier	OXFORD_NANOPORE	2218399	60	never	42	750	375	38310	0.017	30290	1170000	no	NA	NA	NA	NA	NA	3045	14.40	no	0:00.66	98396	0	runs_deep/SRR10388020/n60.never.s42
SRR10388020	outlier	OXFORD_NANOPORE	2218399	60	never	4556	750	375	38250	0.017	27030	767100	no	NA	NA	NA	NA	NA	3045	17.60	no	0:00.73	95372	0	runs_deep/SRR10388020/n60.never.s4556
SRR10388020	outlier	OXFORD_NANOPORE	2218399	60	auto	7	750	375	1760314	0.794	368040	2190000	yes	64.00	detected	500	1	1632	3045	8.80	no	0:00.25	91400	0	runs_deep/SRR10388020/n60.auto.s7
SRR10388020	outlier	OXFORD_NANOPORE	2218399	60	auto	42	750	375	1742664	0.786	490780	2400000	yes	69.00	detected	500	1	1630	3045	12.53	no	0:00.23	84576	0	runs_deep/SRR10388020/n60.auto.s42
SRR10388020	outlier	OXFORD_NANOPORE	2218399	60	auto	4556	750	375	1736554	0.783	630220	2460000	yes	74.00	detected	500	1	1628	3045	15.47	no	0:00.24	84108	0	runs_deep/SRR10388020/n60.auto.s4556
SRR10388020	outlier	OXFORD_NANOPORE	2218399	60	always	7	750	375	1760314	0.794	368040	2190000	yes	NA	not reported	500	1	1632	3045	8.80	no	0:00.25	86620	0	runs_deep/SRR10388020/n60.always.s7
SRR10388020	outlier	OXFORD_NANOPORE	2218399	60	always	42	750	375	1742664	0.786	490780	2400000	yes	NA	not reported	500	1	1630	3045	12.53	no	0:00.23	79096	0	runs_deep/SRR10388020/n60.always.s42
SRR10388020	outlier	OXFORD_NANOPORE	2218399	60	always	4556	750	375	1736554	0.783	630220	2460000	yes	NA	not reported	500	1	1628	3045	15.47	no	0:00.23	82424	0	runs_deep/SRR10388020/n60.always.s4556
SRR10388020	outlier	OXFORD_NANOPORE	2218399	80	never	7	750	375	39445	0.018	28120	1030000	no	NA	NA	NA	NA	NA	2284	14.40	no	0:00.69	100852	0	runs_deep/SRR10388020/n80.never.s7
SRR10388020	outlier	OXFORD_NANOPORE	2218399	80	never	42	750	375	40257	0.018	30240	1150000	no	NA	NA	NA	NA	NA	2284	10.40	no	0:00.72	93916	0	runs_deep/SRR10388020/n80.never.s42
SRR10388020	outlier	OXFORD_NANOPORE	2218399	80	never	4556	750	375	39383	0.018	28700	702770	no	NA	NA	NA	NA	NA	2284	15.20	no	0:00.67	91132	0	runs_deep/SRR10388020/n80.never.s4556
SRR10388020	outlier	OXFORD_NANOPORE	2218399	80	auto	7	750	375	1823793	0.822	514010	2530000	yes	64.00	detected	500	1	1269	2284	10.13	no	0:00.23	87548	0	runs_deep/SRR10388020/n80.auto.s7
SRR10388020	outlier	OXFORD_NANOPORE	2218399	80	auto	42	750	375	1779467	0.802	514310	2260000	yes	64.00	detected	500	1	1259	2284	11.20	no	0:00.22	100340	0	runs_deep/SRR10388020/n80.auto.s42
SRR10388020	outlier	OXFORD_NANOPORE	2218399	80	auto	4556	750	375	1843290	0.831	437740	2440000	yes	67.00	detected	500	1	1250	2284	10.93	no	0:00.23	94072	0	runs_deep/SRR10388020/n80.auto.s4556
SRR10388020	outlier	OXFORD_NANOPORE	2218399	80	always	7	750	375	1823793	0.822	514010	2530000	yes	NA	not reported	500	1	1269	2284	10.13	no	0:00.23	93676	0	runs_deep/SRR10388020/n80.always.s7
SRR10388020	outlier	OXFORD_NANOPORE	2218399	80	always	42	750	375	1779467	0.802	514310	2260000	yes	NA	not reported	500	1	1259	2284	11.20	no	0:00.23	90204	0	runs_deep/SRR10388020/n80.always.s42
SRR10388020	outlier	OXFORD_NANOPORE	2218399	80	always	4556	750	375	1843290	0.831	437740	2440000	yes	NA	not reported	500	1	1250	2284	10.93	no	0:00.22	88996	0	runs_deep/SRR10388020/n80.always.s4556
SRR10861747	outlier	OXFORD_NANOPORE	2211092	1	never	7	1500	750	42888	0.019	30190	780320	no	NA	NA	NA	NA	NA	205462	1.87	no	0:08.67	235788	0	runs/SRR10861747/n1.never.s7
SRR10861747	outlier	OXFORD_NANOPORE	2211092	1	never	42	1500	750	42068	0.019	29410	748850	no	NA	NA	NA	NA	NA	205462	2.80	no	0:08.64	246096	0	runs/SRR10861747/n1.never.s42
SRR10861747	outlier	OXFORD_NANOPORE	2211092	1	never	4556	1500	750	44143	0.020	29300	409210	no	NA	NA	NA	NA	NA	205462	2.27	no	0:08.85	232888	0	runs/SRR10861747/n1.never.s4556
SRR10861747	outlier	OXFORD_NANOPORE	2211092	1	auto	7	1500	750	1988263	0.899	856970	2490000	yes	340.00	detected	1995	21	45731	205462	0.13	no	0:08.10	212676	0	runs/SRR10861747/n1.auto.s7
SRR10861747	outlier	OXFORD_NANOPORE	2211092	1	auto	42	1500	750	2004527	0.907	795000	2500000	yes	339.00	detected	2042	21	45658	205462	0.40	no	0:08.09	226244	0	runs/SRR10861747/n1.auto.s42
SRR10861747	outlier	OXFORD_NANOPORE	2211092	1	auto	4556	1500	750	2008346	0.908	806460	2440000	yes	340.00	detected	2065	21	45603	205462	0.67	no	0:08.10	226108	0	runs/SRR10861747/n1.auto.s4556
SRR10861747	outlier	OXFORD_NANOPORE	2211092	1	always	7	1500	750	1988263	0.899	856970	2490000	yes	NA	not reported	1995	21	45731	205462	0.13	no	0:08.03	225708	0	runs/SRR10861747/n1.always.s7
SRR10861747	outlier	OXFORD_NANOPORE	2211092	1	always	42	1500	750	2004527	0.907	795000	2500000	yes	NA	not reported	2042	21	45658	205462	0.40	no	0:08.13	212332	0	runs/SRR10861747/n1.always.s42
SRR10861747	outlier	OXFORD_NANOPORE	2211092	1	always	4556	1500	750	2008346	0.908	806460	2440000	yes	NA	not reported	2065	21	45603	205462	0.67	no	0:08.07	219704	0	runs/SRR10861747/n1.always.s4556
SRR10861747	outlier	OXFORD_NANOPORE	2211092	8	never	7	1500	750	44454	0.020	28360	866390	no	NA	NA	NA	NA	NA	25683	2.27	no	0:05.25	281300	0	runs/SRR10861747/n8.never.s7
SRR10861747	outlier	OXFORD_NANOPORE	2211092	8	never	42	1500	750	41478	0.019	30090	669200	no	NA	NA	NA	NA	NA	25683	3.07	no	0:05.54	250712	0	runs/SRR10861747/n8.never.s42
SRR10861747	outlier	OXFORD_NANOPORE	2211092	8	never	4556	1500	750	47207	0.021	27500	742140	no	NA	NA	NA	NA	NA	25683	1.33	no	0:05.51	252396	0	runs/SRR10861747/n8.never.s4556
SRR10861747	outlier	OXFORD_NANOPORE	2211092	8	auto	7	1500	750	2047978	0.926	676330	2500000	yes	104.00	detected	500	7	9540	25683	0.40	no	0:01.19	231592	0	runs/SRR10861747/n8.auto.s7
SRR10861747	outlier	OXFORD_NANOPORE	2211092	8	auto	42	1500	750	2012901	0.910	818680	2460000	yes	95.00	detected	500	6	9216	25683	0.80	no	0:01.19	226916	0	runs/SRR10861747/n8.auto.s42
SRR10861747	outlier	OXFORD_NANOPORE	2211092	8	auto	4556	1500	750	1974115	0.893	634990	2430000	yes	101.00	detected	500	7	9518	25683	0.13	no	0:01.20	228244	0	runs/SRR10861747/n8.auto.s4556
SRR10861747	outlier	OXFORD_NANOPORE	2211092	8	always	7	1500	750	2047978	0.926	676330	2500000	yes	NA	not reported	500	7	9540	25683	0.40	no	0:01.20	232072	0	runs/SRR10861747/n8.always.s7
SRR10861747	outlier	OXFORD_NANOPORE	2211092	8	always	42	1500	750	2012901	0.910	818680	2460000	yes	NA	not reported	500	6	9216	25683	0.80	no	0:01.16	228832	0	runs/SRR10861747/n8.always.s42
SRR10861747	outlier	OXFORD_NANOPORE	2211092	8	always	4556	1500	750	1974115	0.893	634990	2430000	yes	NA	not reported	500	7	9518	25683	0.13	no	0:01.19	231120	0	runs/SRR10861747/n8.always.s4556
SRR10861747	outlier	OXFORD_NANOPORE	2211092	13	never	7	1500	750	41491	0.019	28460	708460	no	NA	NA	NA	NA	NA	15805	2.40	no	0:05.61	243492	0	runs/SRR10861747/n13.never.s7
SRR10861747	outlier	OXFORD_NANOPORE	2211092	13	never	42	1500	750	42649	0.019	29550	667640	no	NA	NA	NA	NA	NA	15805	2.00	no	0:05.46	321208	0	runs/SRR10861747/n13.never.s42
SRR10861747	outlier	OXFORD_NANOPORE	2211092	13	never	4556	1500	750	45496	0.021	29260	565770	no	NA	NA	NA	NA	NA	15805	2.00	no	0:05.16	246164	0	runs/SRR10861747/n13.never.s4556
SRR10861747	outlier	OXFORD_NANOPORE	2211092	13	auto	7	1500	750	1985316	0.898	646220	2440000	yes	100.00	detected	500	5	5908	15805	0.13	no	0:00.97	232452	0	runs/SRR10861747/n13.auto.s7
SRR10861747	outlier	OXFORD_NANOPORE	2211092	13	auto	42	1500	750	1923392	0.870	705120	2370000	yes	106.00	detected	500	4	5637	15805	0.93	no	0:00.94	228360	0	runs/SRR10861747/n13.auto.s42
SRR10861747	outlier	OXFORD_NANOPORE	2211092	13	auto	4556	1500	750	2047826	0.926	730150	2500000	yes	108.00	detected	500	4	5701	15805	0.13	no	0:00.95	238320	0	runs/SRR10861747/n13.auto.s4556
SRR10861747	outlier	OXFORD_NANOPORE	2211092	13	always	7	1500	750	1985316	0.898	646220	2440000	yes	NA	not reported	500	5	5908	15805	0.13	no	0:00.96	240400	0	runs/SRR10861747/n13.always.s7
SRR10861747	outlier	OXFORD_NANOPORE	2211092	13	always	42	1500	750	1923392	0.870	705120	2370000	yes	NA	not reported	500	4	5637	15805	0.93	no	0:00.94	235244	0	runs/SRR10861747/n13.always.s42
SRR10861747	outlier	OXFORD_NANOPORE	2211092	13	always	4556	1500	750	2047826	0.926	730150	2500000	yes	NA	not reported	500	4	5701	15805	0.13	no	0:00.94	228612	0	runs/SRR10861747/n13.always.s4556
SRR10861747	outlier	OXFORD_NANOPORE	2211092	19	never	7	1500	750	41438	0.019	29600	1040000	no	NA	NA	NA	NA	NA	10814	2.40	no	0:05.12	280744	0	runs/SRR10861747/n19.never.s7
SRR10861747	outlier	OXFORD_NANOPORE	2211092	19	never	42	1500	750	43113	0.019	30470	1060000	no	NA	NA	NA	NA	NA	10814	2.27	no	0:05.12	259708	0	runs/SRR10861747/n19.never.s42
SRR10861747	outlier	OXFORD_NANOPORE	2211092	19	never	4556	1500	750	40151	0.018	30170	40660	no	NA	NA	NA	NA	NA	10814	2.13	no	0:05.63	228072	0	runs/SRR10861747/n19.never.s4556
SRR10861747	outlier	OXFORD_NANOPORE	2211092	19	auto	7	1500	750	1970315	0.891	733490	2370000	yes	110.00	detected	500	3	3952	10814	NA	no	0:00.82	197948	0	runs/SRR10861747/n19.auto.s7
SRR10861747	outlier	OXFORD_NANOPORE	2211092	19	auto	42	1500	750	1979681	0.895	788480	2370000	yes	113.00	detected	500	3	3949	10814	0.27	no	0:00.82	229428	0	runs/SRR10861747/n19.auto.s42
SRR10861747	outlier	OXFORD_NANOPORE	2211092	19	auto	4556	1500	750	1959182	0.886	828750	2430000	yes	101.00	detected	500	3	3942	10814	0.40	no	0:00.83	199924	0	runs/SRR10861747/n19.auto.s4556
SRR10861747	outlier	OXFORD_NANOPORE	2211092	19	always	7	1500	750	1970315	0.891	733490	2370000	yes	NA	not reported	500	3	3952	10814	NA	no	0:00.81	228348	0	runs/SRR10861747/n19.always.s7
SRR10861747	outlier	OXFORD_NANOPORE	2211092	19	always	42	1500	750	1979681	0.895	788480	2370000	yes	NA	not reported	500	3	3949	10814	0.27	no	0:00.82	198452	0	runs/SRR10861747/n19.always.s42
SRR10861747	outlier	OXFORD_NANOPORE	2211092	19	always	4556	1500	750	1959182	0.886	828750	2430000	yes	NA	not reported	500	3	3942	10814	0.40	no	0:00.83	196448	0	runs/SRR10861747/n19.always.s4556
SRR10861747	outlier	OXFORD_NANOPORE	2211092	26	never	7	1500	750	46759	0.021	27810	989590	no	NA	NA	NA	NA	NA	7903	2.53	no	0:05.24	233100	0	runs/SRR10861747/n26.never.s7
SRR10861747	outlier	OXFORD_NANOPORE	2211092	26	never	42	1500	750	43310	0.020	29140	606440	no	NA	NA	NA	NA	NA	7903	2.53	no	0:05.42	245244	0	runs/SRR10861747/n26.never.s42
SRR10861747	outlier	OXFORD_NANOPORE	2211092	26	never	4556	1500	750	41812	0.019	29130	1010000	no	NA	NA	NA	NA	NA	7903	2.80	no	0:05.20	269816	0	runs/SRR10861747/n26.never.s4556
SRR10861747	outlier	OXFORD_NANOPORE	2211092	26	auto	7	1500	750	2000950	0.905	770780	2410000	yes	103.00	detected	500	2	2814	7903	NA	no	0:00.75	227812	0	runs/SRR10861747/n26.auto.s7
SRR10861747	outlier	OXFORD_NANOPORE	2211092	26	auto	42	1500	750	2003506	0.906	799770	2400000	yes	104.00	detected	500	2	2811	7903	0.40	no	0:00.73	222692	0	runs/SRR10861747/n26.auto.s42
SRR10861747	outlier	OXFORD_NANOPORE	2211092	26	auto	4556	1500	750	2007540	0.908	663550	2430000	yes	102.00	detected	500	2	2798	7903	0.13	no	0:00.74	226460	0	runs/SRR10861747/n26.auto.s4556
SRR10861747	outlier	OXFORD_NANOPORE	2211092	26	always	7	1500	750	2000950	0.905	770780	2410000	yes	NA	not reported	500	2	2814	7903	NA	no	0:00.73	234816	0	runs/SRR10861747/n26.always.s7
SRR10861747	outlier	OXFORD_NANOPORE	2211092	26	always	42	1500	750	2003506	0.906	799770	2400000	yes	NA	not reported	500	2	2811	7903	0.40	no	0:00.74	195140	0	runs/SRR10861747/n26.always.s42
SRR10861747	outlier	OXFORD_NANOPORE	2211092	26	always	4556	1500	750	2007540	0.908	663550	2430000	yes	NA	not reported	500	2	2798	7903	0.13	no	0:00.74	222228	0	runs/SRR10861747/n26.always.s4556
SRR10861747	outlier	OXFORD_NANOPORE	2211092	34	never	7	1500	750	40928	0.019	29150	481420	no	NA	NA	NA	NA	NA	6043	2.53	no	0:05.61	264720	0	runs/SRR10861747/n34.never.s7
SRR10861747	outlier	OXFORD_NANOPORE	2211092	34	never	42	1500	750	43701	0.020	29320	509260	no	NA	NA	NA	NA	NA	6043	1.73	no	0:05.46	249260	0	runs/SRR10861747/n34.never.s42
SRR10861747	outlier	OXFORD_NANOPORE	2211092	34	never	4556	1500	750	44721	0.020	29210	776650	no	NA	NA	NA	NA	NA	6043	2.00	no	0:05.44	281864	0	runs/SRR10861747/n34.never.s4556
SRR10861747	outlier	OXFORD_NANOPORE	2211092	34	auto	7	1500	750	1992029	0.901	635050	2400000	yes	101.00	detected	500	2	2268	6043	0.40	no	0:00.72	229284	0	runs/SRR10861747/n34.auto.s7
SRR10861747	outlier	OXFORD_NANOPORE	2211092	34	auto	42	1500	750	1957196	0.885	666250	2330000	yes	114.00	detected	500	2	2246	6043	NA	yes	0:00.72	218112	0	runs/SRR10861747/n34.auto.s42
SRR10861747	outlier	OXFORD_NANOPORE	2211092	34	auto	4556	1500	750	2054632	0.929	704370	2400000	yes	109.00	detected	500	2	2249	6043	0.13	yes	0:00.71	228220	0	runs/SRR10861747/n34.auto.s4556
SRR10861747	outlier	OXFORD_NANOPORE	2211092	34	always	7	1500	750	1992029	0.901	635050	2400000	yes	NA	not reported	500	2	2268	6043	0.40	no	0:00.71	217500	0	runs/SRR10861747/n34.always.s7
SRR10861747	outlier	OXFORD_NANOPORE	2211092	34	always	42	1500	750	1957196	0.885	666250	2330000	yes	NA	not reported	500	2	2246	6043	NA	yes	0:00.72	220316	0	runs/SRR10861747/n34.always.s42
SRR10861747	outlier	OXFORD_NANOPORE	2211092	34	always	4556	1500	750	2054632	0.929	704370	2400000	yes	NA	not reported	500	2	2249	6043	0.13	yes	0:00.73	228316	0	runs/SRR10861747/n34.always.s4556
SRR10861747	outlier	OXFORD_NANOPORE	2211092	55	never	7	750	375	40458	0.018	27280	41430	no	NA	NA	NA	NA	NA	3736	5.07	no	0:02.68	116616	0	runs_deep/SRR10861747/n55.never.s7
SRR10861747	outlier	OXFORD_NANOPORE	2211092	55	never	42	750	375	42469	0.019	27850	42880	no	NA	NA	NA	NA	NA	3736	6.13	no	0:02.15	109332	0	runs_deep/SRR10861747/n55.never.s42
SRR10861747	outlier	OXFORD_NANOPORE	2211092	55	never	4556	750	375	42962	0.019	25930	47690	no	NA	NA	NA	NA	NA	3736	6.40	no	0:03.28	123020	0	runs_deep/SRR10861747/n55.never.s4556
SRR10861747	outlier	OXFORD_NANOPORE	2211092	55	auto	7	750	375	1726300	0.781	490890	2390000	yes	108.00	detected	500	2	1438	3736	3.47	no	0:00.56	115672	0	runs_deep/SRR10861747/n55.auto.s7
SRR10861747	outlier	OXFORD_NANOPORE	2211092	55	auto	42	750	375	1979030	0.895	612720	2600000	yes	120.00	detected	500	1	1282	3736	2.67	no	0:00.55	107612	0	runs_deep/SRR10861747/n55.auto.s42
SRR10861747	outlier	OXFORD_NANOPORE	2211092	55	auto	4556	750	375	2002135	0.905	702380	2460000	yes	99.00	detected	500	1	1275	3736	2.67	no	0:00.56	115464	0	runs_deep/SRR10861747/n55.auto.s4556
SRR10861747	outlier	OXFORD_NANOPORE	2211092	55	always	7	750	375	1726300	0.781	490890	2390000	yes	NA	not reported	500	2	1438	3736	3.47	no	0:00.50	112332	0	runs_deep/SRR10861747/n55.always.s7
SRR10861747	outlier	OXFORD_NANOPORE	2211092	55	always	42	750	375	1979030	0.895	612720	2600000	yes	NA	not reported	500	1	1282	3736	2.67	no	0:00.78	119096	0	runs_deep/SRR10861747/n55.always.s42
SRR10861747	outlier	OXFORD_NANOPORE	2211092	55	always	4556	750	375	2002135	0.905	702380	2460000	yes	NA	not reported	500	1	1275	3736	2.67	no	0:00.87	119448	0	runs_deep/SRR10861747/n55.always.s4556
SRR10861747	outlier	OXFORD_NANOPORE	2211092	70	never	7	750	375	44408	0.020	28740	44690	no	NA	NA	NA	NA	NA	2936	8.53	no	0:03.86	119492	0	runs_deep/SRR10861747/n70.never.s7
SRR10861747	outlier	OXFORD_NANOPORE	2211092	70	never	42	750	375	37554	0.017	30070	37900	no	NA	NA	NA	NA	NA	2936	6.93	no	0:01.92	109596	0	runs_deep/SRR10861747/n70.never.s42
SRR10861747	outlier	OXFORD_NANOPORE	2211092	70	never	4556	750	375	42641	0.019	29540	42910	no	NA	NA	NA	NA	NA	2936	5.33	no	0:02.19	118380	0	runs_deep/SRR10861747/n70.never.s4556
SRR10861747	outlier	OXFORD_NANOPORE	2211092	70	auto	7	750	375	1878566	0.850	668310	2330000	yes	104.00	detected	500	1	1062	2936	3.47	yes	0:00.49	109736	0	runs_deep/SRR10861747/n70.auto.s7
SRR10861747	outlier	OXFORD_NANOPORE	2211092	70	auto	42	750	375	1816794	0.822	634640	2400000	yes	110.00	detected	500	1	1059	2936	5.07	yes	0:00.41	108576	0	runs_deep/SRR10861747/n70.auto.s42
SRR10861747	outlier	OXFORD_NANOPORE	2211092	70	auto	4556	750	375	1823662	0.825	576820	2370000	yes	98.00	detected	500	1	1067	2936	3.47	yes	0:00.58	110780	0	runs_deep/SRR10861747/n70.auto.s4556
SRR10861747	outlier	OXFORD_NANOPORE	2211092	70	always	7	750	375	1878566	0.850	668310	2330000	yes	NA	not reported	500	1	1062	2936	3.47	yes	0:00.61	111172	0	runs_deep/SRR10861747/n70.always.s7
SRR10861747	outlier	OXFORD_NANOPORE	2211092	70	always	42	750	375	1816794	0.822	634640	2400000	yes	NA	not reported	500	1	1059	2936	5.07	yes	0:00.67	118152	0	runs_deep/SRR10861747/n70.always.s42
SRR10861747	outlier	OXFORD_NANOPORE	2211092	70	always	4556	750	375	1823662	0.825	576820	2370000	yes	NA	not reported	500	1	1067	2936	3.47	yes	0:00.59	119012	0	runs_deep/SRR10861747/n70.always.s4556
SRR10861751	outlier	OXFORD_NANOPORE	2220590	1	never	7	1500	750	37739	0.017	27180	38010	no	NA	NA	NA	NA	NA	98030	1.87	no	0:08.37	363356	0	runs/SRR10861751/n1.never.s7
SRR10861751	outlier	OXFORD_NANOPORE	2220590	1	never	42	1500	750	39826	0.018	26190	40140	no	NA	NA	NA	NA	NA	98030	2.00	no	0:07.95	279128	0	runs/SRR10861751/n1.never.s42
SRR10861751	outlier	OXFORD_NANOPORE	2220590	1	never	4556	1500	750	39514	0.018	28530	39810	no	NA	NA	NA	NA	NA	98030	2.53	no	0:07.98	255608	0	runs/SRR10861751/n1.never.s4556
SRR10861751	outlier	OXFORD_NANOPORE	2220590	1	auto	7	1500	750	2097302	0.944	715370	2600000	yes	212.00	detected	920	18	27647	98030	NA	no	0:04.39	226004	0	runs/SRR10861751/n1.auto.s7
SRR10861751	outlier	OXFORD_NANOPORE	2220590	1	auto	42	1500	750	1832078	0.825	763900	2260000	yes	191.00	detected	958	16	25942	98030	0.13	no	0:04.42	221952	0	runs/SRR10861751/n1.auto.s42
SRR10861751	outlier	OXFORD_NANOPORE	2220590	1	auto	4556	1500	750	2056686	0.926	759910	2450000	yes	203.00	detected	994	15	25030	98030	NA	no	0:04.40	222196	0	runs/SRR10861751/n1.auto.s4556
SRR10861751	outlier	OXFORD_NANOPORE	2220590	1	always	7	1500	750	2097302	0.944	715370	2600000	yes	NA	not reported	920	18	27647	98030	NA	no	0:04.38	218088	0	runs/SRR10861751/n1.always.s7
SRR10861751	outlier	OXFORD_NANOPORE	2220590	1	always	42	1500	750	1832078	0.825	763900	2260000	yes	NA	not reported	958	16	25942	98030	0.13	no	0:04.45	233816	0	runs/SRR10861751/n1.always.s42
SRR10861751	outlier	OXFORD_NANOPORE	2220590	1	always	4556	1500	750	2056686	0.926	759910	2450000	yes	NA	not reported	994	15	25030	98030	NA	no	0:04.41	233356	0	runs/SRR10861751/n1.always.s4556
SRR10861751	outlier	OXFORD_NANOPORE	2220590	5	never	7	1500	750	38552	0.017	25660	38900	no	NA	NA	NA	NA	NA	19606	3.20	no	0:06.95	320640	0	runs/SRR10861751/n5.never.s7
SRR10861751	outlier	OXFORD_NANOPORE	2220590	5	never	42	1500	750	37862	0.017	27790	38130	no	NA	NA	NA	NA	NA	19606	1.87	no	0:06.51	314028	0	runs/SRR10861751/n5.never.s42
SRR10861751	outlier	OXFORD_NANOPORE	2220590	5	never	4556	1500	750	41107	0.019	28470	41860	no	NA	NA	NA	NA	NA	19606	1.73	no	0:06.51	246696	0	runs/SRR10861751/n5.never.s4556
SRR10861751	outlier	OXFORD_NANOPORE	2220590	5	auto	7	1500	750	1907283	0.859	830390	2380000	yes	128.00	detected	500	5	6230	19606	NA	no	0:01.11	237724	0	runs/SRR10861751/n5.auto.s7
SRR10861751	outlier	OXFORD_NANOPORE	2220590	5	auto	42	1500	750	1823019	0.821	746300	2280000	yes	112.00	detected	500	5	6238	19606	0.13	no	0:01.13	241548	0	runs/SRR10861751/n5.auto.s42
SRR10861751	outlier	OXFORD_NANOPORE	2220590	5	auto	4556	1500	750	1939105	0.873	761520	2400000	yes	106.00	detected	500	5	6238	19606	NA	no	0:01.09	248876	0	runs/SRR10861751/n5.auto.s4556
SRR10861751	outlier	OXFORD_NANOPORE	2220590	5	always	7	1500	750	1907283	0.859	830390	2380000	yes	NA	not reported	500	5	6230	19606	NA	no	0:01.09	238556	0	runs/SRR10861751/n5.always.s7
SRR10861751	outlier	OXFORD_NANOPORE	2220590	5	always	42	1500	750	1823019	0.821	746300	2280000	yes	NA	not reported	500	5	6238	19606	0.13	no	0:01.13	236468	0	runs/SRR10861751/n5.always.s42
SRR10861751	outlier	OXFORD_NANOPORE	2220590	5	always	4556	1500	750	1939105	0.873	761520	2400000	yes	NA	not reported	500	5	6238	19606	NA	no	0:01.10	240352	0	runs/SRR10861751/n5.always.s4556
SRR10861751	outlier	OXFORD_NANOPORE	2220590	9	never	7	1500	750	40381	0.018	26760	40730	no	NA	NA	NA	NA	NA	10893	2.80	no	0:06.37	270060	0	runs/SRR10861751/n9.never.s7
SRR10861751	outlier	OXFORD_NANOPORE	2220590	9	never	42	1500	750	39269	0.018	26370	39630	no	NA	NA	NA	NA	NA	10893	3.20	no	0:06.57	322156	0	runs/SRR10861751/n9.never.s42
SRR10861751	outlier	OXFORD_NANOPORE	2220590	9	never	4556	1500	750	39072	0.018	25430	39390	no	NA	NA	NA	NA	NA	10893	2.80	no	0:06.61	373156	0	runs/SRR10861751/n9.never.s4556
SRR10861751	outlier	OXFORD_NANOPORE	2220590	9	auto	7	1500	750	1987251	0.895	650160	2450000	yes	120.00	detected	500	3	3491	10893	0.13	no	0:00.92	238300	0	runs/SRR10861751/n9.auto.s7
SRR10861751	outlier	OXFORD_NANOPORE	2220590	9	auto	42	1500	750	1924684	0.867	690810	2330000	yes	119.00	detected	500	3	3448	10893	0.13	no	0:00.86	242956	0	runs/SRR10861751/n9.auto.s42
SRR10861751	outlier	OXFORD_NANOPORE	2220590	9	auto	4556	1500	750	1975966	0.890	673290	2450000	yes	132.00	detected	500	3	3456	10893	NA	no	0:00.89	241604	0	runs/SRR10861751/n9.auto.s4556
SRR10861751	outlier	OXFORD_NANOPORE	2220590	9	always	7	1500	750	1987251	0.895	650160	2450000	yes	NA	not reported	500	3	3491	10893	0.13	no	0:00.91	248784	0	runs/SRR10861751/n9.always.s7
SRR10861751	outlier	OXFORD_NANOPORE	2220590	9	always	42	1500	750	1924684	0.867	690810	2330000	yes	NA	not reported	500	3	3448	10893	0.13	no	0:00.89	246648	0	runs/SRR10861751/n9.always.s42
SRR10861751	outlier	OXFORD_NANOPORE	2220590	9	always	4556	1500	750	1975966	0.890	673290	2450000	yes	NA	not reported	500	3	3456	10893	NA	no	0:00.89	245692	0	runs/SRR10861751/n9.always.s4556
SRR10861751	outlier	OXFORD_NANOPORE	2220590	14	never	7	1500	750	39358	0.018	27610	39630	no	NA	NA	NA	NA	NA	7003	1.87	no	0:06.40	264444	0	runs/SRR10861751/n14.never.s7
SRR10861751	outlier	OXFORD_NANOPORE	2220590	14	never	42	1500	750	34100	0.015	27090	38740	no	NA	NA	NA	NA	NA	7003	3.47	no	0:06.90	317548	0	runs/SRR10861751/n14.never.s42
SRR10861751	outlier	OXFORD_NANOPORE	2220590	14	never	4556	1500	750	38940	0.018	27680	39280	no	NA	NA	NA	NA	NA	7003	1.73	no	0:06.25	304648	0	runs/SRR10861751/n14.never.s4556
SRR10861751	outlier	OXFORD_NANOPORE	2220590	14	auto	7	1500	750	1911461	0.861	730160	2330000	yes	121.00	detected	500	2	2253	7003	0.13	no	0:00.76	231200	0	runs/SRR10861751/n14.auto.s7
SRR10861751	outlier	OXFORD_NANOPORE	2220590	14	auto	42	1500	750	1922456	0.866	685540	2310000	yes	114.00	detected	500	2	2253	7003	0.13	no	0:00.79	203416	0	runs/SRR10861751/n14.auto.s42
SRR10861751	outlier	OXFORD_NANOPORE	2220590	14	auto	4556	1500	750	1936463	0.872	611160	2450000	yes	107.00	detected	500	2	2277	7003	NA	no	0:00.77	204820	0	runs/SRR10861751/n14.auto.s4556
SRR10861751	outlier	OXFORD_NANOPORE	2220590	14	always	7	1500	750	1911461	0.861	730160	2330000	yes	NA	not reported	500	2	2253	7003	0.13	no	0:00.76	231252	0	runs/SRR10861751/n14.always.s7
SRR10861751	outlier	OXFORD_NANOPORE	2220590	14	always	42	1500	750	1922456	0.866	685540	2310000	yes	NA	not reported	500	2	2253	7003	0.13	no	0:00.76	196384	0	runs/SRR10861751/n14.always.s42
SRR10861751	outlier	OXFORD_NANOPORE	2220590	14	always	4556	1500	750	1936463	0.872	611160	2450000	yes	NA	not reported	500	2	2277	7003	NA	no	0:00.78	226048	0	runs/SRR10861751/n14.always.s4556
SRR10861751	outlier	OXFORD_NANOPORE	2220590	18	never	7	1500	750	38769	0.017	26450	39070	no	NA	NA	NA	NA	NA	5447	2.53	no	0:06.86	332212	0	runs/SRR10861751/n18.never.s7
SRR10861751	outlier	OXFORD_NANOPORE	2220590	18	never	42	1500	750	39966	0.018	27320	40480	no	NA	NA	NA	NA	NA	5447	2.53	no	0:06.27	260480	0	runs/SRR10861751/n18.never.s42
SRR10861751	outlier	OXFORD_NANOPORE	2220590	18	never	4556	1500	750	39579	0.018	26410	39880	no	NA	NA	NA	NA	NA	5447	1.87	no	0:06.40	281592	0	runs/SRR10861751/n18.never.s4556
SRR10861751	outlier	OXFORD_NANOPORE	2220590	18	auto	7	1500	750	1944796	0.876	588230	2520000	yes	123.00	detected	500	2	1811	5447	1.33	yes	0:00.61	189948	0	runs/SRR10861751/n18.auto.s7
SRR10861751	outlier	OXFORD_NANOPORE	2220590	18	auto	42	1500	750	1798641	0.810	613740	2310000	yes	119.00	detected	500	2	1810	5447	1.33	yes	0:00.63	180408	0	runs/SRR10861751/n18.auto.s42
SRR10861751	outlier	OXFORD_NANOPORE	2220590	18	auto	4556	1500	750	1806421	0.813	586650	2490000	yes	121.00	detected	500	2	1810	5447	0.80	yes	0:00.61	173864	0	runs/SRR10861751/n18.auto.s4556
SRR10861751	outlier	OXFORD_NANOPORE	2220590	18	always	7	1500	750	1944796	0.876	588230	2520000	yes	NA	not reported	500	2	1811	5447	1.33	yes	0:00.61	188272	0	runs/SRR10861751/n18.always.s7
SRR10861751	outlier	OXFORD_NANOPORE	2220590	18	always	42	1500	750	1798641	0.810	613740	2310000	yes	NA	not reported	500	2	1810	5447	1.33	yes	0:00.62	189556	0	runs/SRR10861751/n18.always.s42
SRR10861751	outlier	OXFORD_NANOPORE	2220590	18	always	4556	1500	750	1806421	0.813	586650	2490000	yes	NA	not reported	500	2	1810	5447	0.80	yes	0:00.60	184236	0	runs/SRR10861751/n18.always.s4556
SRR10861751	outlier	OXFORD_NANOPORE	2220590	22	never	7	1500	750	38110	0.017	25630	38510	no	NA	NA	NA	NA	NA	4456	3.33	no	0:06.51	361052	0	runs/SRR10861751/n22.never.s7
SRR10861751	outlier	OXFORD_NANOPORE	2220590	22	never	42	1500	750	38922	0.018	26760	39310	no	NA	NA	NA	NA	NA	4456	1.73	no	0:06.63	270296	0	runs/SRR10861751/n22.never.s42
SRR10861751	outlier	OXFORD_NANOPORE	2220590	22	never	4556	1500	750	41108	0.019	25240	41370	no	NA	NA	NA	NA	NA	4456	2.67	no	0:06.81	307820	0	runs/SRR10861751/n22.never.s4556
SRR10861751	outlier	OXFORD_NANOPORE	2220590	22	auto	7	1500	750	1846606	0.832	619530	2400000	yes	113.00	detected	500	2	1484	4456	2.53	yes	0:00.46	136920	0	runs/SRR10861751/n22.auto.s7
SRR10861751	outlier	OXFORD_NANOPORE	2220590	22	auto	42	1500	750	1785594	0.804	483740	2370000	yes	119.00	detected	500	2	1474	4456	2.40	yes	0:00.46	133512	0	runs/SRR10861751/n22.auto.s42
SRR10861751	outlier	OXFORD_NANOPORE	2220590	22	auto	4556	1500	750	1821318	0.820	524680	2380000	yes	124.00	detected	500	2	1485	4456	3.20	yes	0:00.48	138648	0	runs/SRR10861751/n22.auto.s4556
SRR10861751	outlier	OXFORD_NANOPORE	2220590	22	always	7	1500	750	1846606	0.832	619530	2400000	yes	NA	not reported	500	2	1484	4456	2.53	yes	0:00.48	137276	0	runs/SRR10861751/n22.always.s7
SRR10861751	outlier	OXFORD_NANOPORE	2220590	22	always	42	1500	750	1785594	0.804	483740	2370000	yes	NA	not reported	500	2	1474	4456	2.40	yes	0:00.47	139944	0	runs/SRR10861751/n22.always.s42
SRR10861751	outlier	OXFORD_NANOPORE	2220590	22	always	4556	1500	750	1821318	0.820	524680	2380000	yes	NA	not reported	500	2	1485	4456	3.20	yes	0:00.47	134812	0	runs/SRR10861751/n22.always.s4556
SRR10861751	outlier	OXFORD_NANOPORE	2220590	30	never	7	750	375	39767	0.018	26430	40320	no	NA	NA	NA	NA	NA	3268	8.53	no	0:01.87	119828	0	runs_deep/SRR10861751/n30.never.s7
SRR10861751	outlier	OXFORD_NANOPORE	2220590	30	never	42	750	375	38351	0.017	28040	38680	no	NA	NA	NA	NA	NA	3268	6.93	no	0:01.72	105548	0	runs_deep/SRR10861751/n30.never.s42
SRR10861751	outlier	OXFORD_NANOPORE	2220590	30	never	4556	750	375	41862	0.019	25770	44190	no	NA	NA	NA	NA	NA	3268	7.73	no	0:01.77	106364	0	runs_deep/SRR10861751/n30.never.s4556
SRR10861751	outlier	OXFORD_NANOPORE	2220590	30	auto	7	750	375	1774966	0.799	571250	2430000	yes	109.00	detected	500	1	1056	3268	3.20	yes	0:00.36	108244	0	runs_deep/SRR10861751/n30.auto.s7
SRR10861751	outlier	OXFORD_NANOPORE	2220590	30	auto	42	750	375	1988380	0.895	621250	2770000	yes	113.00	detected	500	1	1055	3268	3.20	yes	0:00.40	115372	0	runs_deep/SRR10861751/n30.auto.s42
SRR10861751	outlier	OXFORD_NANOPORE	2220590	30	auto	4556	750	375	1833060	0.825	642990	2340000	yes	112.00	detected	500	1	1054	3268	2.40	yes	0:00.38	118972	0	runs_deep/SRR10861751/n30.auto.s4556
SRR10861751	outlier	OXFORD_NANOPORE	2220590	30	always	7	750	375	1774966	0.799	571250	2430000	yes	NA	not reported	500	1	1056	3268	3.20	yes	0:00.37	125064	0	runs_deep/SRR10861751/n30.always.s7
SRR10861751	outlier	OXFORD_NANOPORE	2220590	30	always	42	750	375	1988380	0.895	621250	2770000	yes	NA	not reported	500	1	1055	3268	3.20	yes	0:00.36	115432	0	runs_deep/SRR10861751/n30.always.s42
SRR10861751	outlier	OXFORD_NANOPORE	2220590	30	always	4556	750	375	1833060	0.825	642990	2340000	yes	NA	not reported	500	1	1054	3268	2.40	yes	0:00.37	110112	0	runs_deep/SRR10861751/n30.always.s4556
SRR12247681	control	OXFORD_NANOPORE	5067008	1	never	7	1500	750	51229	0.010	17770	2580000	no	NA	NA	NA	NA	NA	315509	17.73	no	0:11.81	129836	0	runs/SRR12247681/n1.never.s7
SRR12247681	control	OXFORD_NANOPORE	5067008	1	never	42	1500	750	46475	0.009	16890	2300000	no	NA	NA	NA	NA	NA	315509	19.33	no	0:11.88	123668	0	runs/SRR12247681/n1.never.s42
SRR12247681	control	OXFORD_NANOPORE	5067008	1	never	4556	1500	750	50300	0.010	16870	2720000	no	NA	NA	NA	NA	NA	315509	19.47	no	0:11.90	128868	0	runs/SRR12247681/n1.never.s4556
SRR12247681	control	OXFORD_NANOPORE	5067008	1	auto	7	1500	750	4630430	0.914	2240000	6350000	yes	124.00	detected	3139	27	141499	315509	17.87	no	0:17.75	156720	0	runs/SRR12247681/n1.auto.s7
SRR12247681	control	OXFORD_NANOPORE	5067008	1	auto	42	1500	750	4645910	0.917	2250000	6410000	yes	125.00	detected	3120	27	141591	315509	18.00	no	0:18.01	146508	0	runs/SRR12247681/n1.auto.s42
SRR12247681	control	OXFORD_NANOPORE	5067008	1	auto	4556	1500	750	4505749	0.889	2000000	6280000	yes	104.00	detected	3172	27	141391	315509	20.27	no	0:18.86	144984	0	runs/SRR12247681/n1.auto.s4556
SRR12247681	control	OXFORD_NANOPORE	5067008	1	always	7	1500	750	4630430	0.914	2240000	6350000	yes	NA	not reported	3139	27	141499	315509	17.87	no	0:18.44	155360	0	runs/SRR12247681/n1.always.s7
SRR12247681	control	OXFORD_NANOPORE	5067008	1	always	42	1500	750	4645910	0.917	2250000	6410000	yes	NA	not reported	3120	27	141591	315509	18.00	no	0:18.13	154656	0	runs/SRR12247681/n1.always.s42
SRR12247681	control	OXFORD_NANOPORE	5067008	1	always	4556	1500	750	4505749	0.889	2000000	6280000	yes	NA	not reported	3172	27	141391	315509	20.27	no	0:18.48	145320	0	runs/SRR12247681/n1.always.s4556
SRR12247681	control	OXFORD_NANOPORE	5067008	9	never	7	1500	750	46690	0.009	17220	2540000	no	NA	NA	NA	NA	NA	35057	20.40	no	0:01.22	119772	0	runs/SRR12247681/n9.never.s7
SRR12247681	control	OXFORD_NANOPORE	5067008	9	never	42	1500	750	42487	0.008	17070	2420000	no	NA	NA	NA	NA	NA	35057	19.60	no	0:01.40	134888	0	runs/SRR12247681/n9.never.s42
SRR12247681	control	OXFORD_NANOPORE	5067008	9	never	4556	1500	750	45635	0.009	16360	103420	no	NA	NA	NA	NA	NA	35057	20.53	no	0:01.28	121928	0	runs/SRR12247681/n9.never.s4556
SRR12247681	control	OXFORD_NANOPORE	5067008	9	auto	7	1500	750	4159710	0.821	1730000	5920000	yes	74.00	detected	500	6	18610	35057	19.47	no	0:01.02	155820	0	runs/SRR12247681/n9.auto.s7
SRR12247681	control	OXFORD_NANOPORE	5067008	9	auto	42	1500	750	4347991	0.858	1660000	5780000	yes	69.00	detected	500	5	18239	35057	20.00	no	0:01.06	173476	0	runs/SRR12247681/n9.auto.s42
SRR12247681	control	OXFORD_NANOPORE	5067008	9	auto	4556	1500	750	4761091	0.940	2140000	6650000	yes	74.00	detected	500	5	18263	35057	15.73	no	0:01.08	187588	0	runs/SRR12247681/n9.auto.s4556
SRR12247681	control	OXFORD_NANOPORE	5067008	9	always	7	1500	750	4159710	0.821	1730000	5920000	yes	NA	not reported	500	6	18610	35057	19.47	no	0:01.07	153680	0	runs/SRR12247681/n9.always.s7
SRR12247681	control	OXFORD_NANOPORE	5067008	9	always	42	1500	750	4347991	0.858	1660000	5780000	yes	NA	not reported	500	5	18239	35057	20.00	no	0:01.07	178104	0	runs/SRR12247681/n9.always.s42
SRR12247681	control	OXFORD_NANOPORE	5067008	9	always	4556	1500	750	4761091	0.940	2140000	6650000	yes	NA	not reported	500	5	18263	35057	15.73	no	0:01.12	194880	0	runs/SRR12247681/n9.always.s4556
SRR12247681	control	OXFORD_NANOPORE	5067008	18	never	7	1500	750	44664	0.009	16820	2910000	no	NA	NA	NA	NA	NA	17529	19.33	no	0:01.14	114596	0	runs/SRR12247681/n18.never.s7
SRR12247681	control	OXFORD_NANOPORE	5067008	18	never	42	1500	750	46682	0.009	17090	372820	no	NA	NA	NA	NA	NA	17529	16.80	no	0:01.34	122064	0	runs/SRR12247681/n18.never.s42
SRR12247681	control	OXFORD_NANOPORE	5067008	18	never	4556	1500	750	58755	0.012	16810	2550000	no	NA	NA	NA	NA	NA	17529	18.80	no	0:01.15	114444	0	runs/SRR12247681/n18.never.s4556
SRR12247681	control	OXFORD_NANOPORE	5067008	18	auto	7	1500	750	5124237	1.011	1880000	6740000	yes	74.00	detected	500	3	9308	17529	18.40	no	0:00.71	184852	0	runs/SRR12247681/n18.auto.s7
SRR12247681	control	OXFORD_NANOPORE	5067008	18	auto	42	1500	750	4598476	0.908	1300000	6100000	yes	78.00	detected	500	3	9324	17529	20.93	no	0:00.72	186424	0	runs/SRR12247681/n18.auto.s42
SRR12247681	control	OXFORD_NANOPORE	5067008	18	auto	4556	1500	750	4557290	0.899	1400000	6000000	yes	82.00	detected	500	3	9305	17529	16.40	no	0:00.73	163632	0	runs/SRR12247681/n18.auto.s4556
SRR12247681	control	OXFORD_NANOPORE	5067008	18	always	7	1500	750	5124237	1.011	1880000	6740000	yes	NA	not reported	500	3	9308	17529	18.40	no	0:00.74	180936	0	runs/SRR12247681/n18.always.s7
SRR12247681	control	OXFORD_NANOPORE	5067008	18	always	42	1500	750	4598476	0.908	1300000	6100000	yes	NA	not reported	500	3	9324	17529	20.93	no	0:00.75	181668	0	runs/SRR12247681/n18.always.s42
SRR12247681	control	OXFORD_NANOPORE	5067008	18	always	4556	1500	750	4557290	0.899	1400000	6000000	yes	NA	not reported	500	3	9305	17529	16.40	no	0:00.79	163400	0	runs/SRR12247681/n18.always.s4556
SRR12247681	control	OXFORD_NANOPORE	5067008	27	never	7	1500	750	55779	0.011	16870	2660000	no	NA	NA	NA	NA	NA	11686	19.47	no	0:01.17	117508	0	runs/SRR12247681/n27.never.s7
SRR12247681	control	OXFORD_NANOPORE	5067008	27	never	42	1500	750	53124	0.010	17000	2230000	no	NA	NA	NA	NA	NA	11686	20.27	no	0:01.16	118560	0	runs/SRR12247681/n27.never.s42
SRR12247681	control	OXFORD_NANOPORE	5067008	27	never	4556	1500	750	45833	0.009	17740	3030000	no	NA	NA	NA	NA	NA	11686	19.87	no	0:01.13	119816	0	runs/SRR12247681/n27.never.s4556
SRR12247681	control	OXFORD_NANOPORE	5067008	27	auto	7	1500	750	4349810	0.858	2090000	6190000	yes	82.00	detected	500	2	6227	11686	19.87	no	0:00.56	165496	0	runs/SRR12247681/n27.auto.s7
SRR12247681	control	OXFORD_NANOPORE	5067008	27	auto	42	1500	750	4746937	0.937	1830000	6300000	yes	71.00	detected	500	2	6228	11686	19.60	no	0:00.58	164488	0	runs/SRR12247681/n27.auto.s42
SRR12247681	control	OXFORD_NANOPORE	5067008	27	auto	4556	1500	750	4522284	0.892	1970000	6310000	yes	70.00	detected	500	2	6226	11686	16.93	no	0:00.61	186188	0	runs/SRR12247681/n27.auto.s4556
SRR12247681	control	OXFORD_NANOPORE	5067008	27	always	7	1500	750	4349810	0.858	2090000	6190000	yes	NA	not reported	500	2	6227	11686	19.87	no	0:00.65	164844	0	runs/SRR12247681/n27.always.s7
SRR12247681	control	OXFORD_NANOPORE	5067008	27	always	42	1500	750	4746937	0.937	1830000	6300000	yes	NA	not reported	500	2	6228	11686	19.60	no	0:00.63	162672	0	runs/SRR12247681/n27.always.s42
SRR12247681	control	OXFORD_NANOPORE	5067008	27	always	4556	1500	750	4522284	0.892	1970000	6310000	yes	NA	not reported	500	2	6226	11686	16.93	no	0:00.65	176728	0	runs/SRR12247681/n27.always.s4556
SRR12247681	control	OXFORD_NANOPORE	5067008	45	never	7	1500	750	49218	0.010	17250	2460000	no	NA	NA	NA	NA	NA	7012	18.53	no	0:01.20	124256	0	runs/SRR12247681/n45.never.s7
SRR12247681	control	OXFORD_NANOPORE	5067008	45	never	42	1500	750	43754	0.009	16510	2400000	no	NA	NA	NA	NA	NA	7012	17.33	no	0:01.31	125668	0	runs/SRR12247681/n45.never.s42
SRR12247681	control	OXFORD_NANOPORE	5067008	45	never	4556	1500	750	49506	0.010	17240	2570000	no	NA	NA	NA	NA	NA	7012	14.53	no	0:01.22	120924	0	runs/SRR12247681/n45.never.s4556
SRR12247681	control	OXFORD_NANOPORE	5067008	45	auto	7	1500	750	4367750	0.862	494830	6290000	yes	72.00	detected	500	2	3867	7012	16.13	no	0:00.55	168524	0	runs/SRR12247681/n45.auto.s7
SRR12247681	control	OXFORD_NANOPORE	5067008	45	auto	42	1500	750	4367344	0.862	1830000	6200000	yes	78.00	detected	500	2	3835	7012	20.00	no	0:00.54	168048	0	runs/SRR12247681/n45.auto.s42
SRR12247681	control	OXFORD_NANOPORE	5067008	45	auto	4556	1500	750	4576090	0.903	1830000	6360000	yes	76.00	detected	500	2	3823	7012	19.60	no	0:00.53	171780	0	runs/SRR12247681/n45.auto.s4556
SRR12247681	control	OXFORD_NANOPORE	5067008	45	always	7	1500	750	4367750	0.862	494830	6290000	yes	NA	not reported	500	2	3867	7012	16.13	no	0:00.54	168064	0	runs/SRR12247681/n45.always.s7
SRR12247681	control	OXFORD_NANOPORE	5067008	45	always	42	1500	750	4367344	0.862	1830000	6200000	yes	NA	not reported	500	2	3835	7012	20.00	no	0:00.63	164124	0	runs/SRR12247681/n45.always.s42
SRR12247681	control	OXFORD_NANOPORE	5067008	45	always	4556	1500	750	4576090	0.903	1830000	6360000	yes	NA	not reported	500	2	3823	7012	19.60	no	0:00.55	176160	0	runs/SRR12247681/n45.always.s4556
SRR12247681	control	OXFORD_NANOPORE	5067008	54	never	7	1500	750	45788	0.009	16150	2470000	no	NA	NA	NA	NA	NA	5843	20.27	no	0:01.24	116576	0	runs/SRR12247681/n54.never.s7
SRR12247681	control	OXFORD_NANOPORE	5067008	54	never	42	1500	750	53287	0.011	16720	2360000	no	NA	NA	NA	NA	NA	5843	16.53	no	0:01.20	116548	0	runs/SRR12247681/n54.never.s42
SRR12247681	control	OXFORD_NANOPORE	5067008	54	never	4556	1500	750	50787	0.010	18410	2960000	no	NA	NA	NA	NA	NA	5843	17.33	no	0:01.17	123016	0	runs/SRR12247681/n54.never.s4556
SRR12247681	control	OXFORD_NANOPORE	5067008	54	auto	7	1500	750	4435723	0.875	1280000	6290000	yes	70.00	detected	500	1	3069	5843	20.93	no	0:00.49	164284	0	runs/SRR12247681/n54.auto.s7
SRR12247681	control	OXFORD_NANOPORE	5067008	54	auto	42	1500	750	4915228	0.970	2130000	6420000	yes	65.00	detected	500	1	3066	5843	20.40	no	0:00.54	162024	0	runs/SRR12247681/n54.auto.s42
SRR12247681	control	OXFORD_NANOPORE	5067008	54	auto	4556	1500	750	4667674	0.921	2160000	6200000	yes	70.00	detected	500	1	3037	5843	21.07	no	0:00.50	146616	0	runs/SRR12247681/n54.auto.s4556
SRR12247681	control	OXFORD_NANOPORE	5067008	54	always	7	1500	750	4435723	0.875	1280000	6290000	yes	NA	not reported	500	1	3069	5843	20.93	no	0:00.52	153848	0	runs/SRR12247681/n54.always.s7
SRR12247681	control	OXFORD_NANOPORE	5067008	54	always	42	1500	750	4915228	0.970	2130000	6420000	yes	NA	not reported	500	1	3066	5843	20.40	no	0:00.51	151720	0	runs/SRR12247681/n54.always.s42
SRR12247681	control	OXFORD_NANOPORE	5067008	54	always	4556	1500	750	4667674	0.921	2160000	6200000	yes	NA	not reported	500	1	3037	5843	21.07	no	0:00.48	155344	0	runs/SRR12247681/n54.always.s4556
SRR12247681	control	OXFORD_NANOPORE	5067008	72	never	7	750	375	44732	0.009	15810	62320	no	NA	NA	NA	NA	NA	4383	26.13	no	0:00.45	77692	0	runs_deep/SRR12247681/n72.never.s7
SRR12247681	control	OXFORD_NANOPORE	5067008	72	never	42	750	375	17962	0.004	16740	50500	no	NA	NA	NA	NA	NA	4383	30.67	no	0:00.50	70340	0	runs_deep/SRR12247681/n72.never.s42
SRR12247681	control	OXFORD_NANOPORE	5067008	72	never	4556	750	375	26371	0.005	16790	59830	no	NA	NA	NA	NA	NA	4383	27.20	no	0:00.47	64952	0	runs_deep/SRR12247681/n72.never.s4556
SRR12247681	control	OXFORD_NANOPORE	5067008	72	auto	7	750	375	3218145	0.635	309780	3910000	yes	72.00	detected	500	1	2326	4383	37.07	no	0:00.38	108980	0	runs_deep/SRR12247681/n72.auto.s7
SRR12247681	control	OXFORD_NANOPORE	5067008	72	auto	42	750	375	3262344	0.644	253700	3810000	yes	66.00	detected	500	1	2316	4383	36.53	no	0:00.57	97884	0	runs_deep/SRR12247681/n72.auto.s42
SRR12247681	control	OXFORD_NANOPORE	5067008	72	auto	4556	750	375	3738592	0.738	1000000	4340000	yes	72.00	detected	500	1	2327	4383	31.73	no	0:00.33	112768	0	runs_deep/SRR12247681/n72.auto.s4556
SRR12247681	control	OXFORD_NANOPORE	5067008	72	always	7	750	375	3218145	0.635	309780	3910000	yes	NA	not reported	500	1	2326	4383	37.07	no	0:00.41	106692	0	runs_deep/SRR12247681/n72.always.s7
SRR12247681	control	OXFORD_NANOPORE	5067008	72	always	42	750	375	3262344	0.644	253700	3810000	yes	NA	not reported	500	1	2316	4383	36.53	no	0:00.40	102428	0	runs_deep/SRR12247681/n72.always.s42
SRR12247681	control	OXFORD_NANOPORE	5067008	72	always	4556	750	375	3738592	0.738	1000000	4340000	yes	NA	not reported	500	1	2327	4383	31.73	no	0:00.57	112600	0	runs_deep/SRR12247681/n72.always.s4556
SRR12247681	control	OXFORD_NANOPORE	5067008	100	never	7	750	375	18808	0.004	14270	46850	no	NA	NA	NA	NA	NA	3156	27.20	no	0:01.30	64144	0	runs_deep/SRR12247681/n100.never.s7
SRR12247681	control	OXFORD_NANOPORE	5067008	100	never	42	750	375	41129	0.008	14910	61010	no	NA	NA	NA	NA	NA	3156	28.80	no	0:00.47	67588	0	runs_deep/SRR12247681/n100.never.s42
SRR12247681	control	OXFORD_NANOPORE	5067008	100	never	4556	750	375	17490	0.003	15330	49880	no	NA	NA	NA	NA	NA	3156	28.53	no	0:00.54	72700	0	runs_deep/SRR12247681/n100.never.s4556
SRR12247681	control	OXFORD_NANOPORE	5067008	100	auto	7	750	375	3323262	0.656	378080	4020000	yes	70.00	detected	500	1	1674	3156	37.33	no	0:00.33	105636	0	runs_deep/SRR12247681/n100.auto.s7
SRR12247681	control	OXFORD_NANOPORE	5067008	100	auto	42	750	375	3292055	0.650	182150	4180000	yes	81.00	detected	500	1	1670	3156	33.33	no	0:00.47	95820	0	runs_deep/SRR12247681/n100.auto.s42
SRR12247681	control	OXFORD_NANOPORE	5067008	100	auto	4556	750	375	3293328	0.650	186880	3910000	yes	83.00	detected	500	1	1682	3156	32.53	no	0:00.28	88072	0	runs_deep/SRR12247681/n100.auto.s4556
SRR12247681	control	OXFORD_NANOPORE	5067008	100	always	7	750	375	3323262	0.656	378080	4020000	yes	NA	not reported	500	1	1674	3156	37.33	no	0:00.40	107900	0	runs_deep/SRR12247681/n100.always.s7
SRR12247681	control	OXFORD_NANOPORE	5067008	100	always	42	750	375	3292055	0.650	182150	4180000	yes	NA	not reported	500	1	1670	3156	33.33	no	0:00.35	86472	0	runs_deep/SRR12247681/n100.always.s42
SRR12247681	control	OXFORD_NANOPORE	5067008	100	always	4556	750	375	3293328	0.650	186880	3910000	yes	NA	not reported	500	1	1682	3156	32.53	no	0:00.38	85388	0	runs_deep/SRR12247681/n100.always.s4556
SRR12247681	control	OXFORD_NANOPORE	5067008	130	never	7	750	375	54884	0.011	17450	738400	no	NA	NA	NA	NA	NA	2427	28.80	no	0:00.48	74252	0	runs_deep/SRR12247681/n130.never.s7
SRR12247681	control	OXFORD_NANOPORE	5067008	130	never	42	750	375	26812	0.005	16310	60110	no	NA	NA	NA	NA	NA	2427	28.00	no	0:00.44	61472	0	runs_deep/SRR12247681/n130.never.s42
SRR12247681	control	OXFORD_NANOPORE	5067008	130	never	4556	750	375	20593	0.004	18240	55780	no	NA	NA	NA	NA	NA	2427	32.27	no	0:01.19	54036	0	runs_deep/SRR12247681/n130.never.s4556
SRR12247681	control	OXFORD_NANOPORE	5067008	130	auto	7	750	375	3264327	0.644	154710	3940000	yes	75.00	detected	500	1	1387	2427	31.47	no	0:00.30	102708	0	runs_deep/SRR12247681/n130.auto.s7
SRR12247681	control	OXFORD_NANOPORE	5067008	130	auto	42	750	375	3268643	0.645	163320	4030000	yes	89.00	detected	500	1	1379	2427	39.47	no	0:00.30	94436	0	runs_deep/SRR12247681/n130.auto.s42
SRR12247681	control	OXFORD_NANOPORE	5067008	130	auto	4556	750	375	3182535	0.628	150230	4060000	yes	72.00	detected	500	1	1383	2427	37.07	no	0:00.29	95744	0	runs_deep/SRR12247681/n130.auto.s4556
SRR12247681	control	OXFORD_NANOPORE	5067008	130	always	7	750	375	3264327	0.644	154710	3940000	yes	NA	not reported	500	1	1387	2427	31.47	no	0:00.44	106472	0	runs_deep/SRR12247681/n130.always.s7
SRR12247681	control	OXFORD_NANOPORE	5067008	130	always	42	750	375	3268643	0.645	163320	4030000	yes	NA	not reported	500	1	1379	2427	39.47	no	0:00.29	95192	0	runs_deep/SRR12247681/n130.always.s42
SRR12247681	control	OXFORD_NANOPORE	5067008	130	always	4556	750	375	3182535	0.628	150230	4060000	yes	NA	not reported	500	1	1383	2427	37.07	no	0:00.29	96328	0	runs_deep/SRR12247681/n130.always.s4556
SRR26715166	outlier	OXFORD_NANOPORE	2271523	1	never	7	1500	750	510686	0.225	39560	1680000	no	NA	NA	NA	NA	NA	7473	0.13	no	0:04.00	394464	0	runs/SRR26715166/n1.never.s7
SRR26715166	outlier	OXFORD_NANOPORE	2271523	1	never	42	1500	750	720507	0.317	40520	2320000	no	NA	NA	NA	NA	NA	7473	NA	no	0:03.84	401448	0	runs/SRR26715166/n1.never.s42
SRR26715166	outlier	OXFORD_NANOPORE	2271523	1	never	4556	1500	750	552363	0.243	45200	2170000	no	NA	NA	NA	NA	NA	7473	NA	no	0:03.95	448264	0	runs/SRR26715166/n1.never.s4556
SRR26715166	outlier	OXFORD_NANOPORE	2271523	1	auto	7	1500	750	1950804	0.859	428930	2470000	yes	79.00	detected	500	3	3784	7473	NA	no	0:02.67	381816	0	runs/SRR26715166/n1.auto.s7
SRR26715166	outlier	OXFORD_NANOPORE	2271523	1	auto	42	1500	750	1881681	0.828	462510	2360000	yes	81.00	detected	500	3	3731	7473	NA	no	0:02.73	406808	0	runs/SRR26715166/n1.auto.s42
SRR26715166	outlier	OXFORD_NANOPORE	2271523	1	auto	4556	1500	750	1938915	0.854	504590	2350000	yes	64.00	detected	500	3	3755	7473	NA	no	0:02.68	407200	0	runs/SRR26715166/n1.auto.s4556
SRR26715166	outlier	OXFORD_NANOPORE	2271523	1	always	7	1500	750	1950804	0.859	428930	2470000	yes	NA	not reported	500	3	3784	7473	NA	no	0:02.72	387288	0	runs/SRR26715166/n1.always.s7
SRR26715166	outlier	OXFORD_NANOPORE	2271523	1	always	42	1500	750	1881681	0.828	462510	2360000	yes	NA	not reported	500	3	3731	7473	NA	no	0:02.79	404972	0	runs/SRR26715166/n1.always.s42
SRR26715166	outlier	OXFORD_NANOPORE	2271523	1	always	4556	1500	750	1938915	0.854	504590	2350000	yes	NA	not reported	500	3	3755	7473	NA	no	0:02.63	367584	0	runs/SRR26715166/n1.always.s4556
SRR26715166	outlier	OXFORD_NANOPORE	2271523	2	never	7	1500	750	413650	0.182	42820	2000000	no	NA	NA	NA	NA	NA	3737	NA	no	0:03.35	429704	0	runs/SRR26715166/n2.never.s7
SRR26715166	outlier	OXFORD_NANOPORE	2271523	2	never	42	1500	750	497009	0.219	39770	2110000	no	NA	NA	NA	NA	NA	3737	0.13	no	0:03.10	382284	0	runs/SRR26715166/n2.never.s42
SRR26715166	outlier	OXFORD_NANOPORE	2271523	2	never	4556	1500	750	417553	0.184	41130	2360000	no	NA	NA	NA	NA	NA	3737	0.27	no	0:03.29	427252	0	runs/SRR26715166/n2.never.s4556
SRR26715166	outlier	OXFORD_NANOPORE	2271523	2	auto	7	1500	750	1923993	0.847	410780	2420000	yes	75.00	detected	500	2	2103	3737	0.13	yes	0:01.53	378632	0	runs/SRR26715166/n2.auto.s7
SRR26715166	outlier	OXFORD_NANOPORE	2271523	2	auto	42	1500	750	2026405	0.892	397170	2500000	yes	78.00	detected	500	2	2103	3737	NA	yes	0:01.55	383344	0	runs/SRR26715166/n2.auto.s42
SRR26715166	outlier	OXFORD_NANOPORE	2271523	2	auto	4556	1500	750	1997497	0.879	473210	2550000	yes	81.00	detected	500	2	2073	3737	NA	yes	0:01.55	377632	0	runs/SRR26715166/n2.auto.s4556
SRR26715166	outlier	OXFORD_NANOPORE	2271523	2	always	7	1500	750	1923993	0.847	410780	2420000	yes	NA	not reported	500	2	2103	3737	0.13	yes	0:01.54	369920	0	runs/SRR26715166/n2.always.s7
SRR26715166	outlier	OXFORD_NANOPORE	2271523	2	always	42	1500	750	2026405	0.892	397170	2500000	yes	NA	not reported	500	2	2103	3737	NA	yes	0:01.51	388352	0	runs/SRR26715166/n2.always.s42
SRR26715166	outlier	OXFORD_NANOPORE	2271523	2	always	4556	1500	750	1997497	0.879	473210	2550000	yes	NA	not reported	500	2	2073	3737	NA	yes	0:01.46	378372	0	runs/SRR26715166/n2.always.s4556
SRR26715166	outlier	OXFORD_NANOPORE	2271523	3	never	7	750	375	486625	0.214	41060	1890000	no	NA	NA	NA	NA	NA	2491	2.93	no	0:01.16	175436	0	runs_deep/SRR26715166/n3.never.s7
SRR26715166	outlier	OXFORD_NANOPORE	2271523	3	never	42	750	375	463178	0.204	39570	1990000	no	NA	NA	NA	NA	NA	2491	0.80	no	0:01.21	170076	0	runs_deep/SRR26715166/n3.never.s42
SRR26715166	outlier	OXFORD_NANOPORE	2271523	3	never	4556	750	375	393063	0.173	39080	1670000	no	NA	NA	NA	NA	NA	2491	2.13	no	0:01.25	174672	0	runs_deep/SRR26715166/n3.never.s4556
SRR26715166	outlier	OXFORD_NANOPORE	2271523	3	auto	7	750	375	1720342	0.757	469550	2400000	yes	80.00	detected	500	1	1182	2491	0.53	no	0:00.83	223284	0	runs_deep/SRR26715166/n3.auto.s7
SRR26715166	outlier	OXFORD_NANOPORE	2271523	3	auto	42	750	375	1891895	0.833	464310	2530000	yes	75.00	detected	500	1	1175	2491	0.80	no	0:00.82	204040	0	runs_deep/SRR26715166/n3.auto.s42
SRR26715166	outlier	OXFORD_NANOPORE	2271523	3	auto	4556	750	375	2145042	0.944	442880	2620000	yes	79.00	detected	500	1	1200	2491	0.53	no	0:00.79	233100	0	runs_deep/SRR26715166/n3.auto.s4556
SRR26715166	outlier	OXFORD_NANOPORE	2271523	3	always	7	750	375	1720342	0.757	469550	2400000	yes	NA	not reported	500	1	1182	2491	0.53	no	0:00.86	224648	0	runs_deep/SRR26715166/n3.always.s7
SRR26715166	outlier	OXFORD_NANOPORE	2271523	3	always	42	750	375	1891895	0.833	464310	2530000	yes	NA	not reported	500	1	1175	2491	0.80	no	0:00.83	217256	0	runs_deep/SRR26715166/n3.always.s42
SRR26715166	outlier	OXFORD_NANOPORE	2271523	3	always	4556	750	375	2145042	0.944	442880	2620000	yes	NA	not reported	500	1	1200	2491	0.53	no	0:00.86	235808	0	runs_deep/SRR26715166/n3.always.s4556
SRR26715166	outlier	OXFORD_NANOPORE	2271523	4	never	7	750	375	404658	0.178	39460	1850000	no	NA	NA	NA	NA	NA	1869	2.40	no	0:01.11	152580	0	runs_deep/SRR26715166/n4.never.s7
SRR26715166	outlier	OXFORD_NANOPORE	2271523	4	never	42	750	375	381700	0.168	41390	1570000	no	NA	NA	NA	NA	NA	1869	0.53	no	0:01.18	161328	0	runs_deep/SRR26715166/n4.never.s42
SRR26715166	outlier	OXFORD_NANOPORE	2271523	4	never	4556	750	375	449203	0.198	39610	1750000	no	NA	NA	NA	NA	NA	1869	2.93	no	0:01.12	171308	0	runs_deep/SRR26715166/n4.never.s4556
SRR26715166	outlier	OXFORD_NANOPORE	2271523	4	auto	7	750	375	1861613	0.820	386990	2620000	yes	75.00	detected	500	1	1022	1869	0.53	yes	0:00.76	207484	0	runs_deep/SRR26715166/n4.auto.s7
SRR26715166	outlier	OXFORD_NANOPORE	2271523	4	auto	42	750	375	1707820	0.752	419500	2350000	yes	82.00	detected	500	1	1014	1869	0.27	yes	0:00.75	204460	0	runs_deep/SRR26715166/n4.auto.s42
SRR26715166	outlier	OXFORD_NANOPORE	2271523	4	auto	4556	750	375	1625238	0.715	390500	2330000	yes	81.00	detected	500	1	1027	1869	1.60	yes	0:00.75	190212	0	runs_deep/SRR26715166/n4.auto.s4556
SRR26715166	outlier	OXFORD_NANOPORE	2271523	4	always	7	750	375	1861613	0.820	386990	2620000	yes	NA	not reported	500	1	1022	1869	0.53	yes	0:00.72	221432	0	runs_deep/SRR26715166/n4.always.s7
SRR26715166	outlier	OXFORD_NANOPORE	2271523	4	always	42	750	375	1707820	0.752	419500	2350000	yes	NA	not reported	500	1	1014	1869	0.27	yes	0:00.73	212072	0	runs_deep/SRR26715166/n4.always.s42
SRR26715166	outlier	OXFORD_NANOPORE	2271523	4	always	4556	750	375	1625238	0.715	390500	2330000	yes	NA	not reported	500	1	1027	1869	1.60	yes	0:00.76	224836	0	runs_deep/SRR26715166/n4.always.s4556
SRR8618952	control	PACBIO_SMRT	4907789	1	never	7	1500	750	5333552	1.087	2560000	6910000	no	NA	NA	NA	NA	NA	136128	8.00	no	0:03.94	195996	0	runs/SRR8618952/n1.never.s7
SRR8618952	control	PACBIO_SMRT	4907789	1	never	42	1500	750	5257900	1.071	1820000	7070000	no	NA	NA	NA	NA	NA	136128	10.67	no	0:04.08	200632	0	runs/SRR8618952/n1.never.s42
SRR8618952	control	PACBIO_SMRT	4907789	1	never	4556	1500	750	5081326	1.035	1740000	6700000	no	NA	NA	NA	NA	NA	136128	8.40	no	0:04.01	204664	0	runs/SRR8618952/n1.never.s4556
SRR8618952	control	PACBIO_SMRT	4907789	1	auto	7	1500	750	5333552	1.087	2560000	6910000	no	6.00	not detected	1291	NA	NA	136128	8.00	no	0:04.20	212956	0	runs/SRR8618952/n1.auto.s7
SRR8618952	control	PACBIO_SMRT	4907789	1	auto	42	1500	750	5257900	1.071	1820000	7070000	no	5.00	not detected	1344	NA	NA	136128	10.67	no	0:04.26	207204	0	runs/SRR8618952/n1.auto.s42
SRR8618952	control	PACBIO_SMRT	4907789	1	auto	4556	1500	750	5081326	1.035	1740000	6700000	no	6.00	not detected	1368	NA	NA	136128	8.40	no	0:04.22	235152	0	runs/SRR8618952/n1.auto.s4556
SRR8618952	control	PACBIO_SMRT	4907789	1	always	7	1500	750	5522200	1.125	2140000	6930000	yes	NA	not reported	1291	33	136055	136128	8.27	no	0:08.68	250352	0	runs/SRR8618952/n1.always.s7
SRR8618952	control	PACBIO_SMRT	4907789	1	always	42	1500	750	5380016	1.096	2000000	6920000	yes	NA	not reported	1344	33	136059	136128	8.27	no	0:08.97	237936	0	runs/SRR8618952/n1.always.s42
SRR8618952	control	PACBIO_SMRT	4907789	1	always	4556	1500	750	5166592	1.053	2310000	6760000	yes	NA	not reported	1368	33	136048	136128	11.07	no	0:08.77	232984	0	runs/SRR8618952/n1.always.s4556
SRR8618952	control	PACBIO_SMRT	4907789	9	never	7	1500	750	5224672	1.065	1850000	7240000	no	NA	NA	NA	NA	NA	15126	11.33	no	0:00.58	216544	0	runs/SRR8618952/n9.never.s7
SRR8618952	control	PACBIO_SMRT	4907789	9	never	42	1500	750	5457908	1.112	2340000	7260000	no	NA	NA	NA	NA	NA	15126	7.73	no	0:00.50	209776	0	runs/SRR8618952/n9.never.s42
SRR8618952	control	PACBIO_SMRT	4907789	9	never	4556	1500	750	4949321	1.008	1810000	6650000	no	NA	NA	NA	NA	NA	15126	10.80	no	0:00.46	188812	0	runs/SRR8618952/n9.never.s4556
SRR8618952	control	PACBIO_SMRT	4907789	9	auto	7	1500	750	5224672	1.065	1850000	7240000	no	4.00	not detected	500	NA	NA	15126	11.33	no	0:00.64	231160	0	runs/SRR8618952/n9.auto.s7
SRR8618952	control	PACBIO_SMRT	4907789	9	auto	42	1500	750	5457908	1.112	2340000	7260000	no	4.00	not detected	500	NA	NA	15126	7.73	no	0:00.64	203256	0	runs/SRR8618952/n9.auto.s42
SRR8618952	control	PACBIO_SMRT	4907789	9	auto	4556	1500	750	4949321	1.008	1810000	6650000	no	4.00	not detected	500	NA	NA	15126	10.80	no	0:00.56	200448	0	runs/SRR8618952/n9.auto.s4556
SRR8618952	control	PACBIO_SMRT	4907789	9	always	7	1500	750	5202155	1.060	2330000	6990000	yes	NA	not reported	500	4	15125	15126	8.00	no	0:01.66	261448	0	runs/SRR8618952/n9.always.s7
SRR8618952	control	PACBIO_SMRT	4907789	9	always	42	1500	750	5183298	1.056	2320000	6800000	yes	NA	not reported	500	4	15122	15126	7.73	no	0:01.28	249136	0	runs/SRR8618952/n9.always.s42
SRR8618952	control	PACBIO_SMRT	4907789	9	always	4556	1500	750	5385580	1.097	2260000	6810000	yes	NA	not reported	500	4	15121	15126	8.53	no	0:01.39	241892	0	runs/SRR8618952/n9.always.s4556
SRR8618952	control	PACBIO_SMRT	4907789	18	never	7	1500	750	5574251	1.136	2210000	7360000	no	NA	NA	NA	NA	NA	7563	9.47	no	0:00.46	187396	0	runs/SRR8618952/n18.never.s7
SRR8618952	control	PACBIO_SMRT	4907789	18	never	42	1500	750	5423138	1.105	1970000	6910000	no	NA	NA	NA	NA	NA	7563	9.87	no	0:00.49	197896	0	runs/SRR8618952/n18.never.s42
SRR8618952	control	PACBIO_SMRT	4907789	18	never	4556	1500	750	5187302	1.057	1930000	6580000	no	NA	NA	NA	NA	NA	7563	10.67	no	0:00.56	191840	0	runs/SRR8618952/n18.never.s4556
SRR8618952	control	PACBIO_SMRT	4907789	18	auto	7	1500	750	5574251	1.136	2210000	7360000	no	4.00	not detected	500	NA	NA	7563	9.47	no	0:00.61	209932	0	runs/SRR8618952/n18.auto.s7
SRR8618952	control	PACBIO_SMRT	4907789	18	auto	42	1500	750	5423138	1.105	1970000	6910000	no	4.00	not detected	500	NA	NA	7563	9.87	no	0:00.53	194172	0	runs/SRR8618952/n18.auto.s42
SRR8618952	control	PACBIO_SMRT	4907789	18	auto	4556	1500	750	5187302	1.057	1930000	6580000	no	4.00	not detected	500	NA	NA	7563	10.67	no	0:00.63	198844	0	runs/SRR8618952/n18.auto.s4556
SRR8618952	control	PACBIO_SMRT	4907789	18	always	7	1500	750	5017062	1.022	1900000	6730000	yes	NA	not reported	500	2	7561	7563	9.47	no	0:01.11	254816	0	runs/SRR8618952/n18.always.s7
SRR8618952	control	PACBIO_SMRT	4907789	18	always	42	1500	750	5568948	1.135	2010000	7110000	yes	NA	not reported	500	2	7559	7563	11.60	no	0:01.00	256056	0	runs/SRR8618952/n18.always.s42
SRR8618952	control	PACBIO_SMRT	4907789	18	always	4556	1500	750	5601458	1.141	2160000	7290000	yes	NA	not reported	500	2	7562	7563	9.60	no	0:00.98	250196	0	runs/SRR8618952/n18.always.s4556
SRR8618952	control	PACBIO_SMRT	4907789	27	never	7	1500	750	5187030	1.057	2010000	6600000	no	NA	NA	NA	NA	NA	5042	8.80	no	0:00.49	211528	0	runs/SRR8618952/n27.never.s7
SRR8618952	control	PACBIO_SMRT	4907789	27	never	42	1500	750	5698458	1.161	2230000	7130000	no	NA	NA	NA	NA	NA	5042	7.07	no	0:00.48	184204	0	runs/SRR8618952/n27.never.s42
SRR8618952	control	PACBIO_SMRT	4907789	27	never	4556	1500	750	5184946	1.056	2300000	6680000	no	NA	NA	NA	NA	NA	5042	10.27	no	0:00.47	187844	0	runs/SRR8618952/n27.never.s4556
SRR8618952	control	PACBIO_SMRT	4907789	27	auto	7	1500	750	5187030	1.057	2010000	6600000	no	4.00	not detected	500	NA	NA	5042	8.80	no	0:00.61	208036	0	runs/SRR8618952/n27.auto.s7
SRR8618952	control	PACBIO_SMRT	4907789	27	auto	42	1500	750	5698458	1.161	2230000	7130000	no	4.00	not detected	500	NA	NA	5042	7.07	no	0:00.61	210924	0	runs/SRR8618952/n27.auto.s42
SRR8618952	control	PACBIO_SMRT	4907789	27	auto	4556	1500	750	5184946	1.056	2300000	6680000	no	4.00	not detected	500	NA	NA	5042	10.27	no	0:00.54	216152	0	runs/SRR8618952/n27.auto.s4556
SRR8618952	control	PACBIO_SMRT	4907789	27	always	7	1500	750	5237532	1.067	2060000	6970000	yes	NA	not reported	500	2	5042	5042	9.20	no	0:00.91	243952	0	runs/SRR8618952/n27.always.s7
SRR8618952	control	PACBIO_SMRT	4907789	27	always	42	1500	750	5187200	1.057	2220000	7200000	yes	NA	not reported	500	2	5042	5042	10.80	no	0:00.88	259916	0	runs/SRR8618952/n27.always.s42
SRR8618952	control	PACBIO_SMRT	4907789	27	always	4556	1500	750	5302854	1.080	2180000	6950000	yes	NA	not reported	500	2	5042	5042	10.13	no	0:00.86	267168	0	runs/SRR8618952/n27.always.s4556
SRR8618952	control	PACBIO_SMRT	4907789	45	never	7	1500	750	5042997	1.028	2140000	6500000	no	NA	NA	NA	NA	NA	3026	8.93	no	0:00.48	194836	0	runs/SRR8618952/n45.never.s7
SRR8618952	control	PACBIO_SMRT	4907789	45	never	42	1500	750	5214394	1.062	2220000	6690000	no	NA	NA	NA	NA	NA	3026	10.00	no	0:00.58	188996	0	runs/SRR8618952/n45.never.s42
SRR8618952	control	PACBIO_SMRT	4907789	45	never	4556	1500	750	5247812	1.069	2210000	7100000	no	NA	NA	NA	NA	NA	3026	10.27	no	0:00.51	195304	0	runs/SRR8618952/n45.never.s4556
SRR8618952	control	PACBIO_SMRT	4907789	45	auto	7	1500	750	5042997	1.028	2140000	6500000	no	4.00	not detected	500	NA	NA	3026	8.93	no	0:00.71	217808	0	runs/SRR8618952/n45.auto.s7
SRR8618952	control	PACBIO_SMRT	4907789	45	auto	42	1500	750	5214394	1.062	2220000	6690000	no	4.00	not detected	500	NA	NA	3026	10.00	no	0:00.57	208832	0	runs/SRR8618952/n45.auto.s42
SRR8618952	control	PACBIO_SMRT	4907789	45	auto	4556	1500	750	5247812	1.069	2210000	7100000	no	4.00	not detected	500	NA	NA	3026	10.27	no	0:00.70	225228	0	runs/SRR8618952/n45.auto.s4556
SRR8618952	control	PACBIO_SMRT	4907789	45	always	7	1500	750	5131002	1.045	2080000	6750000	yes	NA	not reported	500	1	3026	3026	12.93	no	0:00.94	255444	0	runs/SRR8618952/n45.always.s7
SRR8618952	control	PACBIO_SMRT	4907789	45	always	42	1500	750	5543334	1.129	2210000	7010000	yes	NA	not reported	500	1	3026	3026	8.67	no	0:00.85	241356	0	runs/SRR8618952/n45.always.s42
SRR8618952	control	PACBIO_SMRT	4907789	45	always	4556	1500	750	5431362	1.107	2500000	7030000	yes	NA	not reported	500	1	3026	3026	8.67	no	0:00.92	243828	0	runs/SRR8618952/n45.always.s4556
SRR8618952	control	PACBIO_SMRT	4907789	54	never	7	1500	750	5254524	1.071	2400000	6660000	no	NA	NA	NA	NA	NA	2521	10.67	no	0:00.55	201064	0	runs/SRR8618952/n54.never.s7
SRR8618952	control	PACBIO_SMRT	4907789	54	never	42	1500	750	4915877	1.002	2050000	6590000	no	NA	NA	NA	NA	NA	2521	10.13	no	0:00.55	201596	0	runs/SRR8618952/n54.never.s42
SRR8618952	control	PACBIO_SMRT	4907789	54	never	4556	1500	750	5261684	1.072	2110000	6920000	no	NA	NA	NA	NA	NA	2521	10.00	no	0:00.58	203796	0	runs/SRR8618952/n54.never.s4556
SRR8618952	control	PACBIO_SMRT	4907789	54	auto	7	1500	750	5254524	1.071	2400000	6660000	no	4.00	not detected	500	NA	NA	2521	10.67	no	0:00.62	217864	0	runs/SRR8618952/n54.auto.s7
SRR8618952	control	PACBIO_SMRT	4907789	54	auto	42	1500	750	4915877	1.002	2050000	6590000	no	4.00	not detected	500	NA	NA	2521	10.13	no	0:00.71	209296	0	runs/SRR8618952/n54.auto.s42
SRR8618952	control	PACBIO_SMRT	4907789	54	auto	4556	1500	750	5261684	1.072	2110000	6920000	no	4.00	not detected	500	NA	NA	2521	10.00	no	0:00.63	219564	0	runs/SRR8618952/n54.auto.s4556
SRR8618952	control	PACBIO_SMRT	4907789	54	always	7	1500	750	4996720	1.018	2090000	6890000	yes	NA	not reported	500	1	2521	2521	9.47	no	0:00.71	233032	0	runs/SRR8618952/n54.always.s7
SRR8618952	control	PACBIO_SMRT	4907789	54	always	42	1500	750	5273827	1.075	2410000	6690000	yes	NA	not reported	500	1	2521	2521	10.27	no	0:00.85	249808	0	runs/SRR8618952/n54.always.s42
SRR8618952	control	PACBIO_SMRT	4907789	54	always	4556	1500	750	5333130	1.087	2160000	6970000	yes	NA	not reported	500	1	2521	2521	9.87	no	0:00.69	234040	0	runs/SRR8618952/n54.always.s4556
