accession	truth_bp	version	mode	seed	target_reads_used	query_reads_used	estimate_bp	estimate_over_truth	iqr_low_bp	iqr_high_bp	queries_without_overlaps_pct
SRR26715166	2271523	after	auto	1	2526	1263	2048928	0.902	447560	2480000	0.0
SRR26715166	2271523	before	auto	1	1253	2536	1930666	0.850	436710	2410000	0.0
SRR26715166	2271523	after	auto	2	2524	1262	2051932	0.903	474310	2470000	0.0
SRR26715166	2271523	before	auto	2	1252	2534	1884464	0.830	432340	2530000	0.04
SRR26715166	2271523	after	auto	3	2492	1246	2124561	0.935	494840	2540000	0.0
SRR26715166	2271523	before	auto	3	1236	2502	1995563	0.879	441810	2520000	0.0
SRR26715166	2271523	after	auto	4	2524	1262	2069637	0.911	459210	2450000	0.0
SRR26715166	2271523	before	auto	4	1252	2534	1941708	0.855	419000	2540000	0.0
SRR26715166	2271523	after	auto	5	2486	1242	2128104	0.937	499380	2510000	0.0
SRR26715166	2271523	before	auto	5	1233	2495	1967943	0.866	406960	2550000	0.0
SRR26715166	2271523	after	auto	6	2534	1267	2102244	0.925	448270	2580000	0.0
SRR26715166	2271523	before	auto	6	1257	2544	1928698	0.849	428730	2440000	0.0
SRR26715166	2271523	after	auto	7	2500	1249	2130608	0.938	444360	2530000	0.0
SRR26715166	2271523	before	auto	7	1240	2509	1967861	0.866	441420	2440000	0.0
SRR26715166	2271523	after	auto	8	2485	1242	2093959	0.922	486740	2500000	0.0
SRR26715166	2271523	before	auto	8	1233	2494	1865936	0.821	413610	2430000	0.12
SRR26715166	2271523	after	auto	9	2480	1239	2117294	0.932	456910	2530000	0.0
SRR26715166	2271523	before	auto	9	1230	2489	1864521	0.821	433440	2460000	0.08
SRR26715166	2271523	after	auto	10	2459	1229	2141967	0.943	501230	2560000	0.0
SRR26715166	2271523	before	auto	10	1220	2468	1950859	0.859	406810	2480000	0.08
SRR26715166	2271523	after	auto	11	2514	1257	2185184	0.962	468400	2570000	0.0
SRR26715166	2271523	before	auto	11	1247	2524	1944528	0.856	402710	2580000	0.0
SRR26715166	2271523	after	auto	12	2536	1268	2067066	0.910	479660	2530000	0.0
SRR26715166	2271523	before	auto	12	1258	2546	1911284	0.841	441900	2450000	0.0
SRR26715166	2271523	after	auto	13	2486	1243	2123257	0.935	476880	2590000	0.0
SRR26715166	2271523	before	auto	13	1234	2495	1889664	0.832	436330	2410000	0.04
SRR26715166	2271523	after	auto	14	2475	1237	1983399	0.873	454940	2490000	0.0
SRR26715166	2271523	before	auto	14	1228	2484	1937251	0.853	444220	2540000	0.0
SRR26715166	2271523	after	auto	15	2496	1247	2189130	0.964	460490	2560000	0.0
SRR26715166	2271523	before	auto	15	1238	2505	1915552	0.843	448860	2440000	0.12
SRR26715166	2271523	after	auto	16	2519	1259	2130752	0.938	443700	2510000	0.0
SRR26715166	2271523	before	auto	16	1250	2528	1979796	0.872	432190	2500000	0.0
SRR26715166	2271523	after	auto	17	2501	1250	2059622	0.907	459140	2460000	0.0
SRR26715166	2271523	before	auto	17	1241	2510	1990462	0.876	481880	2440000	0.0
SRR26715166	2271523	after	auto	18	2538	1269	1944963	0.856	459690	2480000	0.0
SRR26715166	2271523	before	auto	18	1259	2548	1959020	0.862	436720	2450000	0.0
SRR26715166	2271523	after	auto	19	2500	1250	2056389	0.905	437380	2540000	0.0
SRR26715166	2271523	before	auto	19	1240	2510	1889966	0.832	447820	2440000	0.0
SRR26715166	2271523	after	auto	20	2497	1248	2139360	0.942	491370	2520000	0.0
SRR26715166	2271523	before	auto	20	1239	2506	2041242	0.899	442460	2550000	0.0
SRR26715166	2271523	after	never	1	4982	2491	543396	0.239	65920	2450000	0.08
SRR26715166	2271523	before	never	1	2473	5000	486891	0.214	39890	2210000	0.0
SRR26715166	2271523	after	never	2	4982	2491	563016	0.248	66380	2250000	0.0
SRR26715166	2271523	before	never	2	2473	5000	454930	0.200	41850	2080000	0.0
SRR26715166	2271523	after	never	3	4982	2491	564971	0.249	61820	2430000	0.0
SRR26715166	2271523	before	never	3	2473	5000	472370	0.208	42650	2040000	0.02
SRR26715166	2271523	after	never	4	4982	2491	455470	0.201	62230	1960000	0.08
SRR26715166	2271523	before	never	4	2473	5000	456129	0.201	40850	1950000	0.02
SRR26715166	2271523	after	never	5	4982	2491	515322	0.227	61000	2440000	0.08
SRR26715166	2271523	before	never	5	2473	5000	441190	0.194	41770	1940000	0.0
SRR26715166	2271523	after	never	6	4982	2491	536907	0.236	70040	2000000	0.08
SRR26715166	2271523	before	never	6	2473	5000	501094	0.221	42900	2090000	0.04
SRR26715166	2271523	after	never	7	4982	2491	495617	0.218	68850	2060000	0.04
SRR26715166	2271523	before	never	7	2473	5000	442439	0.195	42140	1980000	0.0
SRR26715166	2271523	after	never	8	4982	2491	586372	0.258	66540	2270000	0.04
SRR26715166	2271523	before	never	8	2473	5000	493603	0.217	40080	2170000	0.02
SRR26715166	2271523	after	never	9	4982	2491	445043	0.196	61840	2010000	0.08
SRR26715166	2271523	before	never	9	2473	5000	460179	0.203	41870	1920000	0.0
SRR26715166	2271523	after	never	10	4982	2491	563640	0.248	67590	2180000	0.08
SRR26715166	2271523	before	never	10	2473	5000	436910	0.192	43480	1920000	0.0
SRR26715166	2271523	after	never	11	4982	2491	563360	0.248	68900	2350000	0.0
SRR26715166	2271523	before	never	11	2473	5000	483131	0.213	40620	2210000	0.0
SRR26715166	2271523	after	never	12	4982	2491	510611	0.225	65870	2190000	0.0
SRR26715166	2271523	before	never	12	2473	5000	544400	0.240	42550	2120000	0.0
SRR26715166	2271523	after	never	13	4982	2491	540425	0.238	65550	2330000	0.08
SRR26715166	2271523	before	never	13	2473	5000	544469	0.240	40150	2180000	0.0
SRR26715166	2271523	after	never	14	4982	2491	472572	0.208	66690	2100000	0.08
SRR26715166	2271523	before	never	14	2473	5000	470081	0.207	43350	2280000	0.0
SRR26715166	2271523	after	never	15	4982	2491	473027	0.208	68480	2330000	0.08
SRR26715166	2271523	before	never	15	2473	5000	455278	0.200	40750	2150000	0.0
SRR26715166	2271523	after	never	16	4982	2491	588629	0.259	64460	2290000	0.0
SRR26715166	2271523	before	never	16	2473	5000	419037	0.184	42580	2030000	0.0
SRR26715166	2271523	after	never	17	4982	2491	568874	0.250	59810	2460000	0.04
SRR26715166	2271523	before	never	17	2473	5000	490566	0.216	40770	2100000	0.02
SRR26715166	2271523	after	never	18	4982	2491	501519	0.221	62290	2210000	0.04
SRR26715166	2271523	before	never	18	2473	5000	451652	0.199	41700	2030000	0.02
SRR26715166	2271523	after	never	19	4982	2491	508225	0.224	63070	2230000	0.04
SRR26715166	2271523	before	never	19	2473	5000	426348	0.188	43140	2140000	0.0
SRR26715166	2271523	after	never	20	4982	2491	484765	0.213	66040	2080000	0.04
SRR26715166	2271523	before	never	20	2473	5000	432150	0.190	44000	2030000	0.0
