accession	rung_every_nth	variant	retention_multiplier	seed	estimate_bp	estimate_over_truth	skew_score	skew_verdict	profile_median_depth	retained_reads	total_reads	normalization_engaged
SRR10353548	1	legacy	0	42	38987	0.0172	NA	NA	NA	NA	NA	no
SRR10353548	1	legacy	0	4556	39547	0.0174	NA	NA	NA	NA	NA	no
SRR10353548	1	legacy	0	7	39083	0.0172	NA	NA	NA	NA	NA	no
SRR10353548	1	norm_c1	1	42	2125672	0.9364	274.00	detected	21	57734	251253	yes
SRR10353548	1	norm_c1	1	4556	2191478	0.9654	281.00	detected	21	57851	251253	yes
SRR10353548	1	norm_c1	1	7	2097281	0.9239	286.00	detected	21	57643	251253	yes
SRR10353548	1	norm_c2	2	42	2144394	0.9447	274.00	detected	21	84555	251253	yes
SRR10353548	1	norm_c2	2	4556	2090136	0.9208	281.00	detected	21	84590	251253	yes
SRR10353548	1	norm_c2	2	7	2134790	0.9404	286.00	detected	21	84735	251253	yes
SRR10353548	1	norm_c3	3	42	2104810	0.9272	274.00	detected	21	101556	251253	yes
SRR10353548	1	norm_c3	3	4556	2177006	0.9590	281.00	detected	21	101828	251253	yes
SRR10353548	1	norm_c3	3	7	2227577	0.9813	286.00	detected	21	101784	251253	yes
SRR10353548	1	norm_c4	4	42	2102563	0.9262	274.00	detected	21	114848	251253	yes
SRR10353548	1	norm_c4	4	4556	2122072	0.9348	281.00	detected	21	114363	251253	yes
SRR10353548	1	norm_c4	4	7	2006417	0.8839	286.00	detected	21	114738	251253	yes
SRR10353548	1	norm_c6	6	42	2035865	0.8969	274.00	detected	21	126274	251253	yes
SRR10353548	1	norm_c6	6	4556	2011137	0.8860	281.00	detected	21	126194	251253	yes
SRR10353548	1	norm_c6	6	7	2106232	0.9279	286.00	detected	21	126115	251253	yes
SRR10353548	1	norm_c8	8	42	2097304	0.9239	274.00	detected	21	129554	251253	yes
SRR10353548	1	norm_c8	8	4556	2027114	0.8930	281.00	detected	21	129460	251253	yes
SRR10353548	1	norm_c8	8	7	2055288	0.9054	286.00	detected	21	129574	251253	yes
SRR10353548	13	legacy	0	42	38874	0.0171	NA	NA	NA	NA	NA	no
SRR10353548	13	legacy	0	4556	44052	0.0194	NA	NA	NA	NA	NA	no
SRR10353548	13	legacy	0	7	40905	0.0180	NA	NA	NA	NA	NA	no
SRR10353548	13	norm_c1	1	42	2111681	0.9303	72.00	detected	4	7213	19328	yes
SRR10353548	13	norm_c1	1	4556	2189121	0.9644	62.00	detected	4	7264	19328	yes
SRR10353548	13	norm_c1	1	7	2156313	0.9499	70.00	detected	4	7329	19328	yes
SRR10353548	13	norm_c2	2	42	2049366	0.9028	72.00	detected	4	9400	19328	yes
SRR10353548	13	norm_c2	2	4556	2104885	0.9273	62.00	detected	4	9417	19328	yes
SRR10353548	13	norm_c2	2	7	2135424	0.9407	70.00	detected	4	9363	19328	yes
SRR10353548	13	norm_c3	3	42	2057479	0.9064	72.00	detected	4	9853	19328	yes
SRR10353548	13	norm_c3	3	4556	2028750	0.8937	62.00	detected	4	9869	19328	yes
SRR10353548	13	norm_c3	3	7	2040761	0.8990	70.00	detected	4	9885	19328	yes
SRR10353548	13	norm_c4	4	42	2094386	0.9226	72.00	detected	4	10072	19328	yes
SRR10353548	13	norm_c4	4	4556	1970561	0.8681	62.00	detected	4	10081	19328	yes
SRR10353548	13	norm_c4	4	7	2012461	0.8865	70.00	detected	4	10129	19328	yes
SRR10353548	13	norm_c6	6	42	2132047	0.9392	72.00	detected	4	10372	19328	yes
SRR10353548	13	norm_c6	6	4556	1882964	0.8295	62.00	detected	4	10366	19328	yes
SRR10353548	13	norm_c6	6	7	2063304	0.9089	70.00	detected	4	10452	19328	yes
SRR10353548	13	norm_c8	8	42	2070689	0.9122	72.00	detected	4	10641	19328	yes
SRR10353548	13	norm_c8	8	4556	2008781	0.8849	62.00	detected	4	10632	19328	yes
SRR10353548	13	norm_c8	8	7	2082064	0.9172	70.00	detected	4	10640	19328	yes
SRR10353548	19	legacy	0	42	38904	0.0171	NA	NA	NA	NA	NA	no
SRR10353548	19	legacy	0	4556	39720	0.0175	NA	NA	NA	NA	NA	no
SRR10353548	19	legacy	0	7	39694	0.0175	NA	NA	NA	NA	NA	no
SRR10353548	19	norm_c1	1	42	2301801	1.0140	63.00	detected	3	5215	13224	yes
SRR10353548	19	norm_c1	1	4556	2251713	0.9919	69.00	detected	3	5200	13224	yes
SRR10353548	19	norm_c1	1	7	2242476	0.9879	70.00	detected	3	5206	13224	yes
SRR10353548	19	norm_c2	2	42	2061288	0.9081	63.00	detected	3	6556	13224	yes
SRR10353548	19	norm_c2	2	4556	2124058	0.9357	69.00	detected	3	6549	13224	yes
SRR10353548	19	norm_c2	2	7	2062951	0.9088	70.00	detected	3	6570	13224	yes
SRR10353548	19	norm_c3	3	42	2073537	0.9135	63.00	detected	3	6845	13224	yes
SRR10353548	19	norm_c3	3	4556	2072209	0.9129	69.00	detected	3	6866	13224	yes
SRR10353548	19	norm_c3	3	7	2050615	0.9034	70.00	detected	3	6892	13224	yes
SRR10353548	19	norm_c4	4	42	2123752	0.9356	63.00	detected	3	7028	13224	yes
SRR10353548	19	norm_c4	4	4556	2017188	0.8886	69.00	detected	3	7013	13224	yes
SRR10353548	19	norm_c4	4	7	1968913	0.8674	70.00	detected	3	7007	13224	yes
SRR10353548	19	norm_c6	6	42	2045925	0.9013	63.00	detected	3	7258	13224	yes
SRR10353548	19	norm_c6	6	4556	2191868	0.9656	69.00	detected	3	7243	13224	yes
SRR10353548	19	norm_c6	6	7	1821856	0.8026	70.00	detected	3	7249	13224	yes
SRR10353548	19	norm_c8	8	42	2074789	0.9140	63.00	detected	3	7420	13224	yes
SRR10353548	19	norm_c8	8	4556	2041346	0.8993	69.00	detected	3	7390	13224	yes
SRR10353548	19	norm_c8	8	7	2082098	0.9172	70.00	detected	3	7437	13224	yes
SRR10353548	26	legacy	0	42	41769	0.0184	NA	NA	NA	NA	NA	no
SRR10353548	26	legacy	0	4556	40081	0.0177	NA	NA	NA	NA	NA	no
SRR10353548	26	legacy	0	7	39347	0.0173	NA	NA	NA	NA	NA	no
SRR10353548	26	norm_c1	1	42	2350826	1.0356	68.00	detected	2	3501	9664	yes
SRR10353548	26	norm_c1	1	4556	2356686	1.0382	79.00	detected	2	3495	9664	yes
SRR10353548	26	norm_c1	1	7	2245768	0.9893	72.00	detected	2	3541	9664	yes
SRR10353548	26	norm_c2	2	42	2236845	0.9854	68.00	detected	2	4652	9664	yes
SRR10353548	26	norm_c2	2	4556	2227321	0.9812	79.00	detected	2	4658	9664	yes
SRR10353548	26	norm_c2	2	7	2235648	0.9849	72.00	detected	2	4632	9664	yes
SRR10353548	26	norm_c3	3	42	2087037	0.9194	68.00	detected	2	4935	9664	yes
SRR10353548	26	norm_c3	3	4556	1977820	0.8713	79.00	detected	2	4926	9664	yes
SRR10353548	26	norm_c3	3	7	2063654	0.9091	72.00	detected	2	4956	9664	yes
SRR10353548	26	norm_c4	4	42	2198262	0.9684	68.00	detected	2	5071	9664	yes
SRR10353548	26	norm_c4	4	4556	2124195	0.9358	79.00	detected	2	5058	9664	yes
SRR10353548	26	norm_c4	4	7	2220695	0.9783	72.00	detected	2	5056	9664	yes
SRR10353548	26	norm_c6	6	42	2034361	0.8962	68.00	detected	2	5204	9664	yes
SRR10353548	26	norm_c6	6	4556	2070813	0.9123	79.00	detected	2	5213	9664	yes
SRR10353548	26	norm_c6	6	7	2164746	0.9536	72.00	detected	2	5188	9664	yes
SRR10353548	26	norm_c8	8	42	2153164	0.9485	68.00	detected	2	5336	9664	yes
SRR10353548	26	norm_c8	8	4556	2070494	0.9121	79.00	detected	2	5319	9664	yes
SRR10353548	26	norm_c8	8	7	2131634	0.9390	72.00	detected	2	5331	9664	yes
SRR10353548	38	legacy	0	42	39018	0.0172	NA	NA	NA	NA	NA	no
SRR10353548	38	legacy	0	4556	36030	0.0159	NA	NA	NA	NA	NA	no
SRR10353548	38	legacy	0	7	39765	0.0175	NA	NA	NA	NA	NA	no
SRR10353548	38	norm_c1	1	42	2240324	0.9869	69.00	detected	2	2857	6612	yes
SRR10353548	38	norm_c1	1	4556	2152900	0.9484	64.00	detected	2	2891	6612	yes
SRR10353548	38	norm_c1	1	7	2229418	0.9821	65.00	detected	2	2893	6612	yes
SRR10353548	38	norm_c2	2	42	2043857	0.9004	69.00	detected	2	3410	6612	yes
SRR10353548	38	norm_c2	2	4556	2066109	0.9102	64.00	detected	2	3397	6612	yes
SRR10353548	38	norm_c2	2	7	2152948	0.9484	65.00	detected	2	3413	6612	yes
SRR10353548	38	norm_c3	3	42	2105278	0.9274	69.00	detected	2	3552	6612	yes
SRR10353548	38	norm_c3	3	4556	2155241	0.9494	64.00	detected	2	3517	6612	yes
SRR10353548	38	norm_c3	3	7	2046689	0.9016	65.00	detected	2	3533	6612	yes
SRR10353548	38	norm_c4	4	42	1976600	0.8708	69.00	detected	2	3607	6612	yes
SRR10353548	38	norm_c4	4	4556	2067226	0.9107	64.00	detected	2	3610	6612	yes
SRR10353548	38	norm_c4	4	7	2056532	0.9060	65.00	detected	2	3641	6612	yes
SRR10353548	38	norm_c6	6	42	1984660	0.8743	69.00	detected	2	3722	6612	yes
SRR10353548	38	norm_c6	6	4556	1987052	0.8754	64.00	detected	2	3732	6612	yes
SRR10353548	38	norm_c6	6	7	2085035	0.9185	65.00	detected	2	3757	6612	yes
SRR10353548	38	norm_c8	8	42	1937132	0.8534	69.00	detected	2	3838	6612	yes
SRR10353548	38	norm_c8	8	4556	2130756	0.9387	64.00	detected	2	3817	6612	yes
SRR10353548	38	norm_c8	8	7	2198805	0.9686	65.00	detected	2	3855	6612	yes
SRR10353548	8	legacy	0	42	40636	0.0179	NA	NA	NA	NA	NA	no
SRR10353548	8	legacy	0	4556	40039	0.0176	NA	NA	NA	NA	NA	no
SRR10353548	8	legacy	0	7	40224	0.0177	NA	NA	NA	NA	NA	no
SRR10353548	8	norm_c1	1	42	2286648	1.0073	71.00	detected	6	11469	31407	yes
SRR10353548	8	norm_c1	1	4556	2178364	0.9596	65.00	detected	6	11431	31407	yes
SRR10353548	8	norm_c1	1	7	2104475	0.9271	69.00	detected	6	11366	31407	yes
SRR10353548	8	norm_c2	2	42	2169375	0.9557	71.00	detected	6	15155	31407	yes
SRR10353548	8	norm_c2	2	4556	2088218	0.9199	65.00	detected	6	15146	31407	yes
SRR10353548	8	norm_c2	2	7	2099323	0.9248	69.00	detected	6	15149	31407	yes
SRR10353548	8	norm_c3	3	42	1985555	0.8747	71.00	detected	6	16157	31407	yes
SRR10353548	8	norm_c3	3	4556	1982128	0.8732	65.00	detected	6	16141	31407	yes
SRR10353548	8	norm_c3	3	7	2149186	0.9468	69.00	detected	6	16157	31407	yes
SRR10353548	8	norm_c4	4	42	2067503	0.9108	71.00	detected	6	16577	31407	yes
SRR10353548	8	norm_c4	4	4556	1966944	0.8665	65.00	detected	6	16501	31407	yes
SRR10353548	8	norm_c4	4	7	2058929	0.9070	69.00	detected	6	16599	31407	yes
SRR10353548	8	norm_c6	6	42	2012677	0.8866	71.00	detected	6	17056	31407	yes
SRR10353548	8	norm_c6	6	4556	1985126	0.8745	65.00	detected	6	17092	31407	yes
SRR10353548	8	norm_c6	6	7	2053375	0.9046	69.00	detected	6	17132	31407	yes
SRR10353548	8	norm_c8	8	42	2113039	0.9309	71.00	detected	6	17563	31407	yes
SRR10353548	8	norm_c8	8	4556	1991068	0.8771	65.00	detected	6	17478	31407	yes
SRR10353548	8	norm_c8	8	7	1948112	0.8582	69.00	detected	6	17451	31407	yes
SRR10388020	1	legacy	0	42	422592	0.1905	NA	NA	NA	NA	NA	no
SRR10388020	1	legacy	0	4556	40415	0.0182	NA	NA	NA	NA	NA	no
SRR10388020	1	legacy	0	7	38348	0.0173	NA	NA	NA	NA	NA	no
SRR10388020	1	norm_c1	1	42	2197402	0.9905	205.00	detected	17	48201	182663	yes
SRR10388020	1	norm_c1	1	4556	2225656	1.0033	205.00	detected	16	46342	182663	yes
SRR10388020	1	norm_c1	1	7	1999881	0.9015	181.00	detected	16	46469	182663	yes
SRR10388020	1	norm_c2	2	42	2112590	0.9523	205.00	detected	17	69218	182663	yes
SRR10388020	1	norm_c2	2	4556	1908998	0.8605	205.00	detected	16	66969	182663	yes
SRR10388020	1	norm_c2	2	7	2168781	0.9776	181.00	detected	16	67348	182663	yes
SRR10388020	1	norm_c3	3	42	2013147	0.9075	205.00	detected	17	83421	182663	yes
SRR10388020	1	norm_c3	3	4556	2155671	0.9717	205.00	detected	16	81115	182663	yes
SRR10388020	1	norm_c3	3	7	2137660	0.9636	181.00	detected	16	81175	182663	yes
SRR10388020	1	norm_c4	4	42	1989656	0.8969	205.00	detected	17	93075	182663	yes
SRR10388020	1	norm_c4	4	4556	2049064	0.9237	205.00	detected	16	91209	182663	yes
SRR10388020	1	norm_c4	4	7	2123368	0.9572	181.00	detected	16	91249	182663	yes
SRR10388020	1	norm_c6	6	42	2042739	0.9208	205.00	detected	17	99427	182663	yes
SRR10388020	1	norm_c6	6	4556	2110664	0.9514	205.00	detected	16	98899	182663	yes
SRR10388020	1	norm_c6	6	7	1861805	0.8393	181.00	detected	16	98806	182663	yes
SRR10388020	1	norm_c8	8	42	2027162	0.9138	205.00	detected	17	101710	182663	yes
SRR10388020	1	norm_c8	8	4556	2050038	0.9241	205.00	detected	16	101297	182663	yes
SRR10388020	1	norm_c8	8	7	2027089	0.9138	181.00	detected	16	101252	182663	yes
SRR10388020	10	legacy	0	42	36745	0.0166	NA	NA	NA	NA	NA	no
SRR10388020	10	legacy	0	4556	39951	0.0180	NA	NA	NA	NA	NA	no
SRR10388020	10	legacy	0	7	39973	0.0180	NA	NA	NA	NA	NA	no
SRR10388020	10	norm_c1	1	42	1965864	0.8862	67.00	detected	3	6559	18267	yes
SRR10388020	10	norm_c1	1	4556	2042484	0.9207	63.00	detected	3	6557	18267	yes
SRR10388020	10	norm_c1	1	7	2089229	0.9418	67.00	detected	3	6558	18267	yes
SRR10388020	10	norm_c2	2	42	2080151	0.9377	67.00	detected	3	8946	18267	yes
SRR10388020	10	norm_c2	2	4556	2031212	0.9156	63.00	detected	3	8996	18267	yes
SRR10388020	10	norm_c2	2	7	2192204	0.9882	67.00	detected	3	8975	18267	yes
SRR10388020	10	norm_c3	3	42	2080144	0.9377	67.00	detected	3	9750	18267	yes
SRR10388020	10	norm_c3	3	4556	1977730	0.8915	63.00	detected	3	9731	18267	yes
SRR10388020	10	norm_c3	3	7	2033970	0.9169	67.00	detected	3	9759	18267	yes
SRR10388020	10	norm_c4	4	42	1956210	0.8818	67.00	detected	3	10016	18267	yes
SRR10388020	10	norm_c4	4	4556	1873122	0.8444	63.00	detected	3	10013	18267	yes
SRR10388020	10	norm_c4	4	7	1932284	0.8710	67.00	detected	3	10030	18267	yes
SRR10388020	10	norm_c6	6	42	2049084	0.9237	67.00	detected	3	10368	18267	yes
SRR10388020	10	norm_c6	6	4556	1835273	0.8273	63.00	detected	3	10371	18267	yes
SRR10388020	10	norm_c6	6	7	1901266	0.8570	67.00	detected	3	10393	18267	yes
SRR10388020	10	norm_c8	8	42	1974190	0.8899	67.00	detected	3	10621	18267	yes
SRR10388020	10	norm_c8	8	4556	1912772	0.8622	63.00	detected	3	10628	18267	yes
SRR10388020	10	norm_c8	8	7	1897858	0.8555	67.00	detected	3	10626	18267	yes
SRR10388020	14	legacy	0	42	38434	0.0173	NA	NA	NA	NA	NA	no
SRR10388020	14	legacy	0	4556	40407	0.0182	NA	NA	NA	NA	NA	no
SRR10388020	14	legacy	0	7	37312	0.0168	NA	NA	NA	NA	NA	no
SRR10388020	14	norm_c1	1	42	2129692	0.9600	62.00	detected	3	5467	13048	yes
SRR10388020	14	norm_c1	1	4556	2144784	0.9668	58.00	detected	3	5500	13048	yes
SRR10388020	14	norm_c1	1	7	2139940	0.9646	62.00	detected	3	5492	13048	yes
SRR10388020	14	norm_c2	2	42	2005777	0.9042	62.00	detected	3	6847	13048	yes
SRR10388020	14	norm_c2	2	4556	2063238	0.9301	58.00	detected	3	6886	13048	yes
SRR10388020	14	norm_c2	2	7	2199094	0.9913	62.00	detected	3	6869	13048	yes
SRR10388020	14	norm_c3	3	42	2102685	0.9478	62.00	detected	3	7173	13048	yes
SRR10388020	14	norm_c3	3	4556	1939584	0.8743	58.00	detected	3	7146	13048	yes
SRR10388020	14	norm_c3	3	7	2001806	0.9024	62.00	detected	3	7222	13048	yes
SRR10388020	14	norm_c4	4	42	1958113	0.8827	62.00	detected	3	7347	13048	yes
SRR10388020	14	norm_c4	4	4556	1983478	0.8941	58.00	detected	3	7347	13048	yes
SRR10388020	14	norm_c4	4	7	2022748	0.9118	62.00	detected	3	7334	13048	yes
SRR10388020	14	norm_c6	6	42	2044606	0.9217	62.00	detected	3	7589	13048	yes
SRR10388020	14	norm_c6	6	4556	1881148	0.8480	58.00	detected	3	7619	13048	yes
SRR10388020	14	norm_c6	6	7	2105100	0.9489	62.00	detected	3	7599	13048	yes
SRR10388020	14	norm_c8	8	42	1933054	0.8714	62.00	detected	3	7795	13048	yes
SRR10388020	14	norm_c8	8	4556	2003086	0.9029	58.00	detected	3	7798	13048	yes
SRR10388020	14	norm_c8	8	7	1890160	0.8520	62.00	detected	3	7812	13048	yes
SRR10388020	20	legacy	0	42	39417	0.0178	NA	NA	NA	NA	NA	no
SRR10388020	20	legacy	0	4556	39887	0.0180	NA	NA	NA	NA	NA	no
SRR10388020	20	legacy	0	7	39468	0.0178	NA	NA	NA	NA	NA	no
SRR10388020	20	norm_c1	1	42	2159668	0.9735	69.00	detected	2	3706	9134	yes
SRR10388020	20	norm_c1	1	4556	2037353	0.9184	63.00	detected	2	3688	9134	yes
SRR10388020	20	norm_c1	1	7	2208859	0.9957	62.00	detected	2	3735	9134	yes
SRR10388020	20	norm_c2	2	42	2042286	0.9206	69.00	detected	2	4739	9134	yes
SRR10388020	20	norm_c2	2	4556	1986848	0.8956	63.00	detected	2	4675	9134	yes
SRR10388020	20	norm_c2	2	7	2037205	0.9183	62.00	detected	2	4751	9134	yes
SRR10388020	20	norm_c3	3	42	1969968	0.8880	69.00	detected	2	4991	9134	yes
SRR10388020	20	norm_c3	3	4556	2104577	0.9487	63.00	detected	2	5009	9134	yes
SRR10388020	20	norm_c3	3	7	2046747	0.9226	62.00	detected	2	4988	9134	yes
SRR10388020	20	norm_c4	4	42	1978696	0.8919	69.00	detected	2	5131	9134	yes
SRR10388020	20	norm_c4	4	4556	1994560	0.8991	63.00	detected	2	5114	9134	yes
SRR10388020	20	norm_c4	4	7	2046057	0.9223	62.00	detected	2	5133	9134	yes
SRR10388020	20	norm_c6	6	42	1904031	0.8583	69.00	detected	2	5292	9134	yes
SRR10388020	20	norm_c6	6	4556	2036879	0.9182	63.00	detected	2	5291	9134	yes
SRR10388020	20	norm_c6	6	7	1970914	0.8884	62.00	detected	2	5293	9134	yes
SRR10388020	20	norm_c8	8	42	1896736	0.8550	69.00	detected	2	5397	9134	yes
SRR10388020	20	norm_c8	8	4556	2052678	0.9253	63.00	detected	2	5413	9134	yes
SRR10388020	20	norm_c8	8	7	2132251	0.9612	62.00	detected	2	5424	9134	yes
SRR10388020	29	legacy	0	42	39116	0.0176	NA	NA	NA	NA	NA	no
SRR10388020	29	legacy	0	4556	38693	0.0174	NA	NA	NA	NA	NA	no
SRR10388020	29	legacy	0	7	380749	0.1716	NA	NA	NA	NA	NA	no
SRR10388020	29	norm_c1	1	42	2247646	1.0132	65.00	detected	2	2878	6299	yes
SRR10388020	29	norm_c1	1	4556	2265291	1.0211	62.00	detected	2	2894	6299	yes
SRR10388020	29	norm_c1	1	7	2232272	1.0063	63.00	detected	2	2881	6299	yes
SRR10388020	29	norm_c2	2	42	1902154	0.8574	65.00	detected	2	3385	6299	yes
SRR10388020	29	norm_c2	2	4556	2094324	0.9441	62.00	detected	2	3402	6299	yes
SRR10388020	29	norm_c2	2	7	2162198	0.9747	63.00	detected	2	3396	6299	yes
SRR10388020	29	norm_c3	3	42	2035993	0.9178	65.00	detected	2	3505	6299	yes
SRR10388020	29	norm_c3	3	4556	1997106	0.9002	62.00	detected	2	3521	6299	yes
SRR10388020	29	norm_c3	3	7	1939607	0.8743	63.00	detected	2	3564	6299	yes
SRR10388020	29	norm_c4	4	42	1887481	0.8508	65.00	detected	2	3565	6299	yes
SRR10388020	29	norm_c4	4	4556	2029866	0.9150	62.00	detected	2	3594	6299	yes
SRR10388020	29	norm_c4	4	7	1978823	0.8920	63.00	detected	2	3596	6299	yes
SRR10388020	29	norm_c6	6	42	1875026	0.8452	65.00	detected	2	3712	6299	yes
SRR10388020	29	norm_c6	6	4556	1957642	0.8825	62.00	detected	2	3709	6299	yes
SRR10388020	29	norm_c6	6	7	1956983	0.8822	63.00	detected	2	3732	6299	yes
SRR10388020	29	norm_c8	8	42	2071310	0.9337	65.00	detected	2	3793	6299	yes
SRR10388020	29	norm_c8	8	4556	2295446	1.0347	62.00	detected	2	3815	6299	yes
SRR10388020	29	norm_c8	8	7	2023438	0.9121	63.00	detected	2	3823	6299	yes
SRR10388020	6	legacy	0	42	37127	0.0167	NA	NA	NA	NA	NA	no
SRR10388020	6	legacy	0	4556	39464	0.0178	NA	NA	NA	NA	NA	no
SRR10388020	6	legacy	0	7	411379	0.1854	NA	NA	NA	NA	NA	no
SRR10388020	6	norm_c1	1	42	2047256	0.9229	62.00	detected	6	12152	30444	yes
SRR10388020	6	norm_c1	1	4556	2119914	0.9556	66.00	detected	6	12104	30444	yes
SRR10388020	6	norm_c1	1	7	2221327	1.0013	66.00	detected	6	12115	30444	yes
SRR10388020	6	norm_c2	2	42	1995394	0.8995	62.00	detected	6	15689	30444	yes
SRR10388020	6	norm_c2	2	4556	1963561	0.8851	66.00	detected	6	15740	30444	yes
SRR10388020	6	norm_c2	2	7	2167175	0.9769	66.00	detected	6	15653	30444	yes
SRR10388020	6	norm_c3	3	42	1941187	0.8750	62.00	detected	6	16626	30444	yes
SRR10388020	6	norm_c3	3	4556	2061251	0.9292	66.00	detected	6	16589	30444	yes
SRR10388020	6	norm_c3	3	7	2033416	0.9166	66.00	detected	6	16612	30444	yes
SRR10388020	6	norm_c4	4	42	1883034	0.8488	62.00	detected	6	17018	30444	yes
SRR10388020	6	norm_c4	4	4556	2061854	0.9294	66.00	detected	6	17007	30444	yes
SRR10388020	6	norm_c4	4	7	2063542	0.9302	66.00	detected	6	17057	30444	yes
SRR10388020	6	norm_c6	6	42	1993459	0.8986	62.00	detected	6	17529	30444	yes
SRR10388020	6	norm_c6	6	4556	1840895	0.8298	66.00	detected	6	17584	30444	yes
SRR10388020	6	norm_c6	6	7	2118930	0.9552	66.00	detected	6	17563	30444	yes
SRR10388020	6	norm_c8	8	42	1937520	0.8734	62.00	detected	6	18009	30444	yes
SRR10388020	6	norm_c8	8	4556	2040463	0.9198	66.00	detected	6	17993	30444	yes
SRR10388020	6	norm_c8	8	7	2105504	0.9491	66.00	detected	6	17947	30444	yes
SRR10861747	1	legacy	0	42	42068	0.0190	NA	NA	NA	NA	NA	no
SRR10861747	1	legacy	0	4556	44143	0.0200	NA	NA	NA	NA	NA	no
SRR10861747	1	legacy	0	7	42888	0.0194	NA	NA	NA	NA	NA	no
SRR10861747	1	norm_c1	1	42	2017145	0.9123	339.00	detected	21	28212	205462	yes
SRR10861747	1	norm_c1	1	4556	1989748	0.8999	340.00	detected	21	28154	205462	yes
SRR10861747	1	norm_c1	1	7	2067847	0.9352	340.00	detected	21	28045	205462	yes
SRR10861747	1	norm_c2	2	42	2004527	0.9066	339.00	detected	21	45658	205462	yes
SRR10861747	1	norm_c2	2	4556	2008346	0.9083	340.00	detected	21	45603	205462	yes
SRR10861747	1	norm_c2	2	7	1988263	0.8992	340.00	detected	21	45731	205462	yes
SRR10861747	1	norm_c3	3	42	1960413	0.8866	339.00	detected	21	58785	205462	yes
SRR10861747	1	norm_c3	3	4556	2031590	0.9188	340.00	detected	21	58796	205462	yes
SRR10861747	1	norm_c3	3	7	2067967	0.9353	340.00	detected	21	58634	205462	yes
SRR10861747	1	norm_c4	4	42	1925767	0.8710	339.00	detected	21	68844	205462	yes
SRR10861747	1	norm_c4	4	4556	1904126	0.8612	340.00	detected	21	68732	205462	yes
SRR10861747	1	norm_c4	4	7	1970862	0.8914	340.00	detected	21	68793	205462	yes
SRR10861747	1	norm_c6	6	42	1937093	0.8761	339.00	detected	21	77900	205462	yes
SRR10861747	1	norm_c6	6	4556	1834921	0.8299	340.00	detected	21	77922	205462	yes
SRR10861747	1	norm_c6	6	7	1908842	0.8633	340.00	detected	21	77947	205462	yes
SRR10861747	1	norm_c8	8	42	1899964	0.8593	339.00	detected	21	79716	205462	yes
SRR10861747	1	norm_c8	8	4556	1955319	0.8843	340.00	detected	21	79744	205462	yes
SRR10861747	1	norm_c8	8	7	1925075	0.8706	340.00	detected	21	79820	205462	yes
SRR10861747	13	legacy	0	42	42649	0.0193	NA	NA	NA	NA	NA	no
SRR10861747	13	legacy	0	4556	45496	0.0206	NA	NA	NA	NA	NA	no
SRR10861747	13	legacy	0	7	41491	0.0188	NA	NA	NA	NA	NA	no
SRR10861747	13	norm_c1	1	42	2014285	0.9110	106.00	detected	4	4093	15805	yes
SRR10861747	13	norm_c1	1	4556	1982085	0.8964	108.00	detected	4	4144	15805	yes
SRR10861747	13	norm_c1	1	7	2012296	0.9101	100.00	detected	5	4698	15805	yes
SRR10861747	13	norm_c2	2	42	1923392	0.8699	106.00	detected	4	5637	15805	yes
SRR10861747	13	norm_c2	2	4556	2047826	0.9262	108.00	detected	4	5701	15805	yes
SRR10861747	13	norm_c2	2	7	1985316	0.8979	100.00	detected	5	5908	15805	yes
SRR10861747	13	norm_c3	3	42	1899108	0.8589	106.00	detected	4	5970	15805	yes
SRR10861747	13	norm_c3	3	4556	1919412	0.8681	108.00	detected	4	5977	15805	yes
SRR10861747	13	norm_c3	3	7	1931330	0.8735	100.00	detected	5	6116	15805	yes
SRR10861747	13	norm_c4	4	42	1939824	0.8773	106.00	detected	4	6133	15805	yes
SRR10861747	13	norm_c4	4	4556	1884689	0.8524	108.00	detected	4	6133	15805	yes
SRR10861747	13	norm_c4	4	7	1917361	0.8672	100.00	detected	5	6278	15805	yes
SRR10861747	13	norm_c6	6	42	1930316	0.8730	106.00	detected	4	6340	15805	yes
SRR10861747	13	norm_c6	6	4556	1882590	0.8514	108.00	detected	4	6429	15805	yes
SRR10861747	13	norm_c6	6	7	1979833	0.8954	100.00	detected	5	6528	15805	yes
SRR10861747	13	norm_c8	8	42	1871680	0.8465	106.00	detected	4	6574	15805	yes
SRR10861747	13	norm_c8	8	4556	1988274	0.8992	108.00	detected	4	6559	15805	yes
SRR10861747	13	norm_c8	8	7	1848911	0.8362	100.00	detected	5	6760	15805	yes
SRR10861747	19	legacy	0	42	43113	0.0195	NA	NA	NA	NA	NA	no
SRR10861747	19	legacy	0	4556	40151	0.0182	NA	NA	NA	NA	NA	no
SRR10861747	19	legacy	0	7	41438	0.0187	NA	NA	NA	NA	NA	no
SRR10861747	19	norm_c1	1	42	2039081	0.9222	113.00	detected	3	2898	10814	yes
SRR10861747	19	norm_c1	1	4556	2020891	0.9140	101.00	detected	3	2959	10814	yes
SRR10861747	19	norm_c1	1	7	2036219	0.9209	110.00	detected	3	2974	10814	yes
SRR10861747	19	norm_c2	2	42	1979681	0.8953	113.00	detected	3	3949	10814	yes
SRR10861747	19	norm_c2	2	4556	1959182	0.8861	101.00	detected	3	3942	10814	yes
SRR10861747	19	norm_c2	2	7	1970315	0.8911	110.00	detected	3	3952	10814	yes
SRR10861747	19	norm_c3	3	42	1926251	0.8712	113.00	detected	3	4161	10814	yes
SRR10861747	19	norm_c3	3	4556	1960834	0.8868	101.00	detected	3	4157	10814	yes
SRR10861747	19	norm_c3	3	7	1953765	0.8836	110.00	detected	3	4188	10814	yes
SRR10861747	19	norm_c4	4	42	1920039	0.8684	113.00	detected	3	4320	10814	yes
SRR10861747	19	norm_c4	4	4556	1910445	0.8640	101.00	detected	3	4302	10814	yes
SRR10861747	19	norm_c4	4	7	1926873	0.8715	110.00	detected	3	4320	10814	yes
SRR10861747	19	norm_c6	6	42	1918944	0.8679	113.00	detected	3	4458	10814	yes
SRR10861747	19	norm_c6	6	4556	1807956	0.8177	101.00	detected	3	4481	10814	yes
SRR10861747	19	norm_c6	6	7	1942032	0.8783	110.00	detected	3	4468	10814	yes
SRR10861747	19	norm_c8	8	42	1941711	0.8782	113.00	detected	3	4608	10814	yes
SRR10861747	19	norm_c8	8	4556	2078913	0.9402	101.00	detected	3	4650	10814	yes
SRR10861747	19	norm_c8	8	7	1882786	0.8515	110.00	detected	3	4669	10814	yes
SRR10861747	26	legacy	0	42	43310	0.0196	NA	NA	NA	NA	NA	no
SRR10861747	26	legacy	0	4556	41812	0.0189	NA	NA	NA	NA	NA	no
SRR10861747	26	legacy	0	7	46759	0.0211	NA	NA	NA	NA	NA	no
SRR10861747	26	norm_c1	1	42	1989116	0.8996	104.00	detected	2	1964	7903	yes
SRR10861747	26	norm_c1	1	4556	2073983	0.9380	102.00	detected	2	1949	7903	yes
SRR10861747	26	norm_c1	1	7	2081755	0.9415	103.00	detected	2	1993	7903	yes
SRR10861747	26	norm_c2	2	42	2003506	0.9061	104.00	detected	2	2811	7903	yes
SRR10861747	26	norm_c2	2	4556	2007540	0.9079	102.00	detected	2	2798	7903	yes
SRR10861747	26	norm_c2	2	7	2000950	0.9050	103.00	detected	2	2814	7903	yes
SRR10861747	26	norm_c3	3	42	1946476	0.8803	104.00	detected	2	3000	7903	yes
SRR10861747	26	norm_c3	3	4556	1998066	0.9037	102.00	detected	2	3009	7903	yes
SRR10861747	26	norm_c3	3	7	1843764	0.8339	103.00	detected	2	3002	7903	yes
SRR10861747	26	norm_c4	4	42	2090051	0.9453	104.00	detected	2	3075	7903	yes
SRR10861747	26	norm_c4	4	4556	1951748	0.8827	102.00	detected	2	3096	7903	yes
SRR10861747	26	norm_c4	4	7	2008683	0.9085	103.00	detected	2	3071	7903	yes
SRR10861747	26	norm_c6	6	42	1963360	0.8880	104.00	detected	2	3188	7903	yes
SRR10861747	26	norm_c6	6	4556	1999951	0.9045	102.00	detected	2	3226	7903	yes
SRR10861747	26	norm_c6	6	7	1918256	0.8676	103.00	detected	2	3214	7903	yes
SRR10861747	26	norm_c8	8	42	1876444	0.8487	104.00	detected	2	3303	7903	yes
SRR10861747	26	norm_c8	8	4556	1981654	0.8962	102.00	detected	2	3302	7903	yes
SRR10861747	26	norm_c8	8	7	2016429	0.9120	103.00	detected	2	3309	7903	yes
SRR10861747	34	legacy	0	42	43701	0.0198	NA	NA	NA	NA	NA	no
SRR10861747	34	legacy	0	4556	44721	0.0202	NA	NA	NA	NA	NA	no
SRR10861747	34	legacy	0	7	40928	0.0185	NA	NA	NA	NA	NA	no
SRR10861747	34	norm_c1	1	42	2047506	0.9260	114.00	detected	2	1764	6043	yes
SRR10861747	34	norm_c1	1	4556	2081948	0.9416	109.00	detected	2	1735	6043	yes
SRR10861747	34	norm_c1	1	7	2093862	0.9470	101.00	detected	2	1777	6043	yes
SRR10861747	34	norm_c2	2	42	1959491	0.8862	114.00	detected	2	2246	6043	yes
SRR10861747	34	norm_c2	2	4556	2045110	0.9249	109.00	detected	2	2249	6043	yes
SRR10861747	34	norm_c2	2	7	1992029	0.9009	101.00	detected	2	2268	6043	yes
SRR10861747	34	norm_c3	3	42	2096108	0.9480	114.00	detected	2	2352	6043	yes
SRR10861747	34	norm_c3	3	4556	1902318	0.8604	109.00	detected	2	2354	6043	yes
SRR10861747	34	norm_c3	3	7	2024660	0.9157	101.00	detected	2	2353	6043	yes
SRR10861747	34	norm_c4	4	42	1996708	0.9030	114.00	detected	2	2421	6043	yes
SRR10861747	34	norm_c4	4	4556	1948530	0.8813	109.00	detected	2	2438	6043	yes
SRR10861747	34	norm_c4	4	7	1940601	0.8777	101.00	detected	2	2438	6043	yes
SRR10861747	34	norm_c6	6	42	1969681	0.8908	114.00	detected	2	2538	6043	yes
SRR10861747	34	norm_c6	6	4556	1957800	0.8854	109.00	detected	2	2543	6043	yes
SRR10861747	34	norm_c6	6	7	1871171	0.8463	101.00	detected	2	2549	6043	yes
SRR10861747	34	norm_c8	8	42	1866053	0.8440	114.00	detected	2	2622	6043	yes
SRR10861747	34	norm_c8	8	4556	1937615	0.8763	109.00	detected	2	2627	6043	yes
SRR10861747	34	norm_c8	8	7	1916195	0.8666	101.00	detected	2	2644	6043	yes
SRR10861747	8	legacy	0	42	41478	0.0188	NA	NA	NA	NA	NA	no
SRR10861747	8	legacy	0	4556	47207	0.0214	NA	NA	NA	NA	NA	no
SRR10861747	8	legacy	0	7	44454	0.0201	NA	NA	NA	NA	NA	no
SRR10861747	8	norm_c1	1	42	1982055	0.8964	95.00	detected	6	6368	25683	yes
SRR10861747	8	norm_c1	1	4556	1976767	0.8940	101.00	detected	7	7084	25683	yes
SRR10861747	8	norm_c1	1	7	1982956	0.8968	104.00	detected	7	7145	25683	yes
SRR10861747	8	norm_c2	2	42	2012901	0.9104	95.00	detected	6	9216	25683	yes
SRR10861747	8	norm_c2	2	4556	1974115	0.8928	101.00	detected	7	9518	25683	yes
SRR10861747	8	norm_c2	2	7	2047978	0.9262	104.00	detected	7	9540	25683	yes
SRR10861747	8	norm_c3	3	42	1976004	0.8937	95.00	detected	6	9830	25683	yes
SRR10861747	8	norm_c3	3	4556	1880085	0.8503	101.00	detected	7	9990	25683	yes
SRR10861747	8	norm_c3	3	7	1931586	0.8736	104.00	detected	7	9981	25683	yes
SRR10861747	8	norm_c4	4	42	1831820	0.8285	95.00	detected	6	10073	25683	yes
SRR10861747	8	norm_c4	4	4556	1842370	0.8332	101.00	detected	7	10270	25683	yes
SRR10861747	8	norm_c4	4	7	1987830	0.8990	104.00	detected	7	10259	25683	yes
SRR10861747	8	norm_c6	6	42	1984768	0.8976	95.00	detected	6	10471	25683	yes
SRR10861747	8	norm_c6	6	4556	1979680	0.8953	101.00	detected	7	10638	25683	yes
SRR10861747	8	norm_c6	6	7	1873984	0.8475	104.00	detected	7	10664	25683	yes
SRR10861747	8	norm_c8	8	42	1987298	0.8988	95.00	detected	6	10838	25683	yes
SRR10861747	8	norm_c8	8	4556	1905934	0.8620	101.00	detected	7	11034	25683	yes
SRR10861747	8	norm_c8	8	7	1757289	0.7948	104.00	detected	7	11022	25683	yes
SRR10861751	1	legacy	0	42	39826	0.0179	NA	NA	NA	NA	NA	no
SRR10861751	1	legacy	0	4556	39514	0.0178	NA	NA	NA	NA	NA	no
SRR10861751	1	legacy	0	7	37739	0.0170	NA	NA	NA	NA	NA	no
SRR10861751	1	norm_c1	1	42	1963945	0.8844	191.00	detected	16	16880	98030	yes
SRR10861751	1	norm_c1	1	4556	2056648	0.9262	203.00	detected	15	16211	98030	yes
SRR10861751	1	norm_c1	1	7	2027165	0.9129	212.00	detected	18	18168	98030	yes
SRR10861751	1	norm_c2	2	42	1832078	0.8250	191.00	detected	16	25942	98030	yes
SRR10861751	1	norm_c2	2	4556	2056686	0.9262	203.00	detected	15	25030	98030	yes
SRR10861751	1	norm_c2	2	7	2097302	0.9445	212.00	detected	18	27647	98030	yes
SRR10861751	1	norm_c3	3	42	1962901	0.8840	191.00	detected	16	31081	98030	yes
SRR10861751	1	norm_c3	3	4556	1921584	0.8653	203.00	detected	15	30340	98030	yes
SRR10861751	1	norm_c3	3	7	1950494	0.8784	212.00	detected	18	31774	98030	yes
SRR10861751	1	norm_c4	4	42	1854408	0.8351	191.00	detected	16	32360	98030	yes
SRR10861751	1	norm_c4	4	4556	1796308	0.8089	203.00	detected	15	32213	98030	yes
SRR10861751	1	norm_c4	4	7	1877903	0.8457	212.00	detected	18	32729	98030	yes
SRR10861751	1	norm_c6	6	42	1868710	0.8415	191.00	detected	16	33602	98030	yes
SRR10861751	1	norm_c6	6	4556	1814287	0.8170	203.00	detected	15	33383	98030	yes
SRR10861751	1	norm_c6	6	7	2061944	0.9286	212.00	detected	18	33881	98030	yes
SRR10861751	1	norm_c8	8	42	1925417	0.8671	191.00	detected	16	34409	98030	yes
SRR10861751	1	norm_c8	8	4556	1870860	0.8425	203.00	detected	15	34272	98030	yes
SRR10861751	1	norm_c8	8	7	1896800	0.8542	212.00	detected	18	34884	98030	yes
SRR10861751	14	legacy	0	42	34100	0.0154	NA	NA	NA	NA	NA	no
SRR10861751	14	legacy	0	4556	38940	0.0175	NA	NA	NA	NA	NA	no
SRR10861751	14	legacy	0	7	39358	0.0177	NA	NA	NA	NA	NA	no
SRR10861751	14	norm_c1	1	42	2102841	0.9470	114.00	detected	2	1734	7003	yes
SRR10861751	14	norm_c1	1	4556	1994952	0.8984	107.00	detected	2	1732	7003	yes
SRR10861751	14	norm_c1	1	7	2082843	0.9380	121.00	detected	2	1726	7003	yes
SRR10861751	14	norm_c2	2	42	1922456	0.8657	114.00	detected	2	2253	7003	yes
SRR10861751	14	norm_c2	2	4556	1936463	0.8720	107.00	detected	2	2277	7003	yes
SRR10861751	14	norm_c2	2	7	1911461	0.8608	121.00	detected	2	2253	7003	yes
SRR10861751	14	norm_c3	3	42	2023306	0.9112	114.00	detected	2	2369	7003	yes
SRR10861751	14	norm_c3	3	4556	1895201	0.8535	107.00	detected	2	2380	7003	yes
SRR10861751	14	norm_c3	3	7	1901055	0.8561	121.00	detected	2	2377	7003	yes
SRR10861751	14	norm_c4	4	42	1897366	0.8544	114.00	detected	2	2427	7003	yes
SRR10861751	14	norm_c4	4	4556	1927283	0.8679	107.00	detected	2	2435	7003	yes
SRR10861751	14	norm_c4	4	7	1931013	0.8696	121.00	detected	2	2445	7003	yes
SRR10861751	14	norm_c6	6	42	1887064	0.8498	114.00	detected	2	2527	7003	yes
SRR10861751	14	norm_c6	6	4556	1849638	0.8329	107.00	detected	2	2555	7003	yes
SRR10861751	14	norm_c6	6	7	1936325	0.8720	121.00	detected	2	2542	7003	yes
SRR10861751	14	norm_c8	8	42	1901006	0.8561	114.00	detected	2	2595	7003	yes
SRR10861751	14	norm_c8	8	4556	1910205	0.8602	107.00	detected	2	2620	7003	yes
SRR10861751	14	norm_c8	8	7	1823366	0.8211	121.00	detected	2	2627	7003	yes
SRR10861751	18	legacy	0	42	39966	0.0180	NA	NA	NA	NA	NA	no
SRR10861751	18	legacy	0	4556	39579	0.0178	NA	NA	NA	NA	NA	no
SRR10861751	18	legacy	0	7	38769	0.0175	NA	NA	NA	NA	NA	no
SRR10861751	18	norm_c1	1	42	1970129	0.8872	119.00	detected	2	1512	5447	yes
SRR10861751	18	norm_c1	1	4556	2036865	0.9173	121.00	detected	2	1502	5447	yes
SRR10861751	18	norm_c1	1	7	2005313	0.9031	123.00	detected	2	1516	5447	yes
SRR10861751	18	norm_c2	2	42	1841198	0.8291	119.00	detected	2	1810	5447	yes
SRR10861751	18	norm_c2	2	4556	1816356	0.8180	121.00	detected	2	1810	5447	yes
SRR10861751	18	norm_c2	2	7	2013158	0.9066	123.00	detected	2	1811	5447	yes
SRR10861751	18	norm_c3	3	42	1875949	0.8448	119.00	detected	2	1870	5447	yes
SRR10861751	18	norm_c3	3	4556	1780359	0.8018	121.00	detected	2	1860	5447	yes
SRR10861751	18	norm_c3	3	7	1940096	0.8737	123.00	detected	2	1889	5447	yes
SRR10861751	18	norm_c4	4	42	1829151	0.8237	119.00	detected	2	1906	5447	yes
SRR10861751	18	norm_c4	4	4556	1714419	0.7721	121.00	detected	2	1923	5447	yes
SRR10861751	18	norm_c4	4	7	1968764	0.8866	123.00	detected	2	1947	5447	yes
SRR10861751	18	norm_c6	6	42	1866449	0.8405	119.00	detected	2	1966	5447	yes
SRR10861751	18	norm_c6	6	4556	1799998	0.8106	121.00	detected	2	2018	5447	yes
SRR10861751	18	norm_c6	6	7	1778514	0.8009	123.00	detected	2	2003	5447	yes
SRR10861751	18	norm_c8	8	42	1668739	0.7515	119.00	detected	2	2042	5447	yes
SRR10861751	18	norm_c8	8	4556	1830665	0.8244	121.00	detected	2	2067	5447	yes
SRR10861751	18	norm_c8	8	7	1686857	0.7596	123.00	detected	2	2072	5447	yes
SRR10861751	22	legacy	0	42	38922	0.0175	NA	NA	NA	NA	NA	no
SRR10861751	22	legacy	0	4556	41108	0.0185	NA	NA	NA	NA	NA	no
SRR10861751	22	legacy	0	7	38110	0.0172	NA	NA	NA	NA	NA	no
SRR10861751	22	norm_c1	1	42	1801728	0.8114	119.00	detected	2	1288	4456	yes
SRR10861751	22	norm_c1	1	4556	1885110	0.8489	124.00	detected	2	1295	4456	yes
SRR10861751	22	norm_c1	1	7	1908970	0.8597	113.00	detected	2	1307	4456	yes
SRR10861751	22	norm_c2	2	42	1897376	0.8544	119.00	detected	2	1474	4456	yes
SRR10861751	22	norm_c2	2	4556	1750562	0.7883	124.00	detected	2	1485	4456	yes
SRR10861751	22	norm_c2	2	7	1782005	0.8025	113.00	detected	2	1484	4456	yes
SRR10861751	22	norm_c3	3	42	1875578	0.8446	119.00	detected	2	1532	4456	yes
SRR10861751	22	norm_c3	3	4556	1887033	0.8498	124.00	detected	2	1536	4456	yes
SRR10861751	22	norm_c3	3	7	1784206	0.8035	113.00	detected	2	1532	4456	yes
SRR10861751	22	norm_c4	4	42	1906397	0.8585	119.00	detected	2	1583	4456	yes
SRR10861751	22	norm_c4	4	4556	1910969	0.8606	124.00	detected	2	1576	4456	yes
SRR10861751	22	norm_c4	4	7	1855411	0.8355	113.00	detected	2	1576	4456	yes
SRR10861751	22	norm_c6	6	42	1969835	0.8871	119.00	detected	2	1645	4456	yes
SRR10861751	22	norm_c6	6	4556	2021027	0.9101	124.00	detected	2	1649	4456	yes
SRR10861751	22	norm_c6	6	7	1834238	0.8260	113.00	detected	2	1681	4456	yes
SRR10861751	22	norm_c8	8	42	1831112	0.8246	119.00	detected	2	1706	4456	yes
SRR10861751	22	norm_c8	8	4556	1705388	0.7680	124.00	detected	2	1728	4456	yes
SRR10861751	22	norm_c8	8	7	1643100	0.7399	113.00	detected	2	1725	4456	yes
SRR10861751	5	legacy	0	42	37862	0.0171	NA	NA	NA	NA	NA	no
SRR10861751	5	legacy	0	4556	41107	0.0185	NA	NA	NA	NA	NA	no
SRR10861751	5	legacy	0	7	38552	0.0174	NA	NA	NA	NA	NA	no
SRR10861751	5	norm_c1	1	42	2061329	0.9283	112.00	detected	5	4597	19606	yes
SRR10861751	5	norm_c1	1	4556	2026169	0.9124	106.00	detected	5	4554	19606	yes
SRR10861751	5	norm_c1	1	7	1989383	0.8959	128.00	detected	5	4700	19606	yes
SRR10861751	5	norm_c2	2	42	1823019	0.8210	112.00	detected	5	6238	19606	yes
SRR10861751	5	norm_c2	2	4556	1939105	0.8732	106.00	detected	5	6238	19606	yes
SRR10861751	5	norm_c2	2	7	1907283	0.8589	128.00	detected	5	6230	19606	yes
SRR10861751	5	norm_c3	3	42	1932731	0.8704	112.00	detected	5	6594	19606	yes
SRR10861751	5	norm_c3	3	4556	2023280	0.9111	106.00	detected	5	6545	19606	yes
SRR10861751	5	norm_c3	3	7	1954091	0.8800	128.00	detected	5	6577	19606	yes
SRR10861751	5	norm_c4	4	42	1897008	0.8543	112.00	detected	5	6709	19606	yes
SRR10861751	5	norm_c4	4	4556	1875664	0.8447	106.00	detected	5	6752	19606	yes
SRR10861751	5	norm_c4	4	7	1947447	0.8770	128.00	detected	5	6735	19606	yes
SRR10861751	5	norm_c6	6	42	1920403	0.8648	112.00	detected	5	6999	19606	yes
SRR10861751	5	norm_c6	6	4556	1895821	0.8537	106.00	detected	5	7021	19606	yes
SRR10861751	5	norm_c6	6	7	1750161	0.7882	128.00	detected	5	7007	19606	yes
SRR10861751	5	norm_c8	8	42	2072290	0.9332	112.00	detected	5	7228	19606	yes
SRR10861751	5	norm_c8	8	4556	1873964	0.8439	106.00	detected	5	7252	19606	yes
SRR10861751	5	norm_c8	8	7	1927241	0.8679	128.00	detected	5	7209	19606	yes
SRR10861751	9	legacy	0	42	39269	0.0177	NA	NA	NA	NA	NA	no
SRR10861751	9	legacy	0	4556	39072	0.0176	NA	NA	NA	NA	NA	no
SRR10861751	9	legacy	0	7	40381	0.0182	NA	NA	NA	NA	NA	no
SRR10861751	9	norm_c1	1	42	2114852	0.9524	119.00	detected	3	2641	10893	yes
SRR10861751	9	norm_c1	1	4556	2001029	0.9011	132.00	detected	3	2643	10893	yes
SRR10861751	9	norm_c1	1	7	2053473	0.9247	120.00	detected	3	2667	10893	yes
SRR10861751	9	norm_c2	2	42	1924684	0.8667	119.00	detected	3	3448	10893	yes
SRR10861751	9	norm_c2	2	4556	1975966	0.8898	132.00	detected	3	3456	10893	yes
SRR10861751	9	norm_c2	2	7	1987251	0.8949	120.00	detected	3	3491	10893	yes
SRR10861751	9	norm_c3	3	42	1962338	0.8837	119.00	detected	3	3630	10893	yes
SRR10861751	9	norm_c3	3	4556	1883012	0.8480	132.00	detected	3	3636	10893	yes
SRR10861751	9	norm_c3	3	7	1892162	0.8521	120.00	detected	3	3644	10893	yes
SRR10861751	9	norm_c4	4	42	1980370	0.8918	119.00	detected	3	3694	10893	yes
SRR10861751	9	norm_c4	4	4556	1880692	0.8469	132.00	detected	3	3729	10893	yes
SRR10861751	9	norm_c4	4	7	1813085	0.8165	120.00	detected	3	3723	10893	yes
SRR10861751	9	norm_c6	6	42	2045562	0.9212	119.00	detected	3	3886	10893	yes
SRR10861751	9	norm_c6	6	4556	1894392	0.8531	132.00	detected	3	3889	10893	yes
SRR10861751	9	norm_c6	6	7	1937848	0.8727	120.00	detected	3	3912	10893	yes
SRR10861751	9	norm_c8	8	42	1890293	0.8513	119.00	detected	3	3976	10893	yes
SRR10861751	9	norm_c8	8	4556	1919834	0.8646	132.00	detected	3	3992	10893	yes
SRR10861751	9	norm_c8	8	7	1890564	0.8514	120.00	detected	3	4027	10893	yes
SRR12247681	1	legacy	0	42	46475	0.0092	NA	NA	NA	NA	NA	no
SRR12247681	1	legacy	0	4556	50300	0.0099	NA	NA	NA	NA	NA	no
SRR12247681	1	legacy	0	7	51229	0.0101	NA	NA	NA	NA	NA	no
SRR12247681	1	norm_c1	1	42	4484508	0.8850	125.00	detected	27	99030	315509	yes
SRR12247681	1	norm_c1	1	4556	4647620	0.9172	104.00	detected	27	98640	315509	yes
SRR12247681	1	norm_c1	1	7	4810002	0.9493	124.00	detected	27	98627	315509	yes
SRR12247681	1	norm_c2	2	42	4645910	0.9169	125.00	detected	27	141591	315509	yes
SRR12247681	1	norm_c2	2	4556	4505749	0.8892	104.00	detected	27	141391	315509	yes
SRR12247681	1	norm_c2	2	7	4630430	0.9138	124.00	detected	27	141499	315509	yes
SRR12247681	1	norm_c3	3	42	4624496	0.9127	125.00	detected	27	163443	315509	yes
SRR12247681	1	norm_c3	3	4556	4349402	0.8584	104.00	detected	27	163467	315509	yes
SRR12247681	1	norm_c3	3	7	4091602	0.8075	124.00	detected	27	163419	315509	yes
SRR12247681	1	norm_c4	4	42	4003071	0.7900	125.00	detected	27	168680	315509	yes
SRR12247681	1	norm_c4	4	4556	4265274	0.8418	104.00	detected	27	168491	315509	yes
SRR12247681	1	norm_c4	4	7	4564346	0.9008	124.00	detected	27	168515	315509	yes
SRR12247681	1	norm_c6	6	42	4629231	0.9136	125.00	detected	27	172841	315509	yes
SRR12247681	1	norm_c6	6	4556	4623890	0.9125	104.00	detected	27	172801	315509	yes
SRR12247681	1	norm_c6	6	7	4237730	0.8363	124.00	detected	27	172918	315509	yes
SRR12247681	1	norm_c8	8	42	4460961	0.8804	125.00	detected	27	176211	315509	yes
SRR12247681	1	norm_c8	8	4556	4233869	0.8356	104.00	detected	27	176073	315509	yes
SRR12247681	1	norm_c8	8	7	4651715	0.9180	124.00	detected	27	176081	315509	yes
SRR12247681	18	legacy	0	42	46682	0.0092	NA	NA	NA	NA	NA	no
SRR12247681	18	legacy	0	4556	58755	0.0116	NA	NA	NA	NA	NA	no
SRR12247681	18	legacy	0	7	44664	0.0088	NA	NA	NA	NA	NA	no
SRR12247681	18	norm_c1	1	42	5105920	1.0077	78.00	detected	3	7871	17529	yes
SRR12247681	18	norm_c1	1	4556	4505269	0.8891	82.00	detected	3	7828	17529	yes
SRR12247681	18	norm_c1	1	7	4730414	0.9336	74.00	detected	3	7914	17529	yes
SRR12247681	18	norm_c2	2	42	4598476	0.9075	78.00	detected	3	9324	17529	yes
SRR12247681	18	norm_c2	2	4556	4557290	0.8994	82.00	detected	3	9305	17529	yes
SRR12247681	18	norm_c2	2	7	5124237	1.0113	74.00	detected	3	9308	17529	yes
SRR12247681	18	norm_c3	3	42	4803870	0.9481	78.00	detected	3	9555	17529	yes
SRR12247681	18	norm_c3	3	4556	4214226	0.8317	82.00	detected	3	9599	17529	yes
SRR12247681	18	norm_c3	3	7	4226186	0.8341	74.00	detected	3	9595	17529	yes
SRR12247681	18	norm_c4	4	42	4807332	0.9488	78.00	detected	3	9763	17529	yes
SRR12247681	18	norm_c4	4	4556	4596602	0.9072	82.00	detected	3	9790	17529	yes
SRR12247681	18	norm_c4	4	7	4274703	0.8436	74.00	detected	3	9805	17529	yes
SRR12247681	18	norm_c6	6	42	4563260	0.9006	78.00	detected	3	10046	17529	yes
SRR12247681	18	norm_c6	6	4556	4328147	0.8542	82.00	detected	3	10078	17529	yes
SRR12247681	18	norm_c6	6	7	4414970	0.8713	74.00	detected	3	10126	17529	yes
SRR12247681	18	norm_c8	8	42	3886772	0.7671	78.00	detected	3	10301	17529	yes
SRR12247681	18	norm_c8	8	4556	4278096	0.8443	82.00	detected	3	10305	17529	yes
SRR12247681	18	norm_c8	8	7	4191956	0.8273	74.00	detected	3	10303	17529	yes
SRR12247681	27	legacy	0	42	53124	0.0105	NA	NA	NA	NA	NA	no
SRR12247681	27	legacy	0	4556	45833	0.0090	NA	NA	NA	NA	NA	no
SRR12247681	27	legacy	0	7	55779	0.0110	NA	NA	NA	NA	NA	no
SRR12247681	27	norm_c1	1	42	4795186	0.9464	71.00	detected	2	5232	11686	yes
SRR12247681	27	norm_c1	1	4556	4796369	0.9466	70.00	detected	2	5187	11686	yes
SRR12247681	27	norm_c1	1	7	4650708	0.9178	82.00	detected	2	5215	11686	yes
SRR12247681	27	norm_c2	2	42	4746937	0.9368	71.00	detected	2	6228	11686	yes
SRR12247681	27	norm_c2	2	4556	4522284	0.8925	70.00	detected	2	6226	11686	yes
SRR12247681	27	norm_c2	2	7	4349810	0.8585	82.00	detected	2	6227	11686	yes
SRR12247681	27	norm_c3	3	42	4588772	0.9056	71.00	detected	2	6416	11686	yes
SRR12247681	27	norm_c3	3	4556	4693982	0.9264	70.00	detected	2	6454	11686	yes
SRR12247681	27	norm_c3	3	7	4405796	0.8695	82.00	detected	2	6437	11686	yes
SRR12247681	27	norm_c4	4	42	4137374	0.8165	71.00	detected	2	6564	11686	yes
SRR12247681	27	norm_c4	4	4556	4289570	0.8466	70.00	detected	2	6553	11686	yes
SRR12247681	27	norm_c4	4	7	4128902	0.8149	82.00	detected	2	6543	11686	yes
SRR12247681	27	norm_c6	6	42	4330708	0.8547	71.00	detected	2	6733	11686	yes
SRR12247681	27	norm_c6	6	4556	4263145	0.8414	70.00	detected	2	6725	11686	yes
SRR12247681	27	norm_c6	6	7	4601923	0.9082	82.00	detected	2	6745	11686	yes
SRR12247681	27	norm_c8	8	42	3991700	0.7878	71.00	detected	2	6866	11686	yes
SRR12247681	27	norm_c8	8	4556	4361219	0.8607	70.00	detected	2	6889	11686	yes
SRR12247681	27	norm_c8	8	7	4689049	0.9254	82.00	detected	2	6911	11686	yes
SRR12247681	45	legacy	0	42	43754	0.0086	NA	NA	NA	NA	NA	no
SRR12247681	45	legacy	0	4556	49506	0.0098	NA	NA	NA	NA	NA	no
SRR12247681	45	legacy	0	7	49218	0.0097	NA	NA	NA	NA	NA	no
SRR12247681	45	norm_c1	1	42	4497369	0.8876	78.00	detected	2	3536	7012	yes
SRR12247681	45	norm_c1	1	4556	4577188	0.9033	76.00	detected	2	3529	7012	yes
SRR12247681	45	norm_c1	1	7	4646992	0.9171	72.00	detected	2	3519	7012	yes
SRR12247681	45	norm_c2	2	42	4367344	0.8619	78.00	detected	2	3835	7012	yes
SRR12247681	45	norm_c2	2	4556	4576090	0.9031	76.00	detected	2	3823	7012	yes
SRR12247681	45	norm_c2	2	7	4367750	0.8620	72.00	detected	2	3867	7012	yes
SRR12247681	45	norm_c3	3	42	4315538	0.8517	78.00	detected	2	3961	7012	yes
SRR12247681	45	norm_c3	3	4556	4768760	0.9411	76.00	detected	2	3952	7012	yes
SRR12247681	45	norm_c3	3	7	4708140	0.9292	72.00	detected	2	3950	7012	yes
SRR12247681	45	norm_c4	4	42	4632727	0.9143	78.00	detected	2	4014	7012	yes
SRR12247681	45	norm_c4	4	4556	4212402	0.8313	76.00	detected	2	4033	7012	yes
SRR12247681	45	norm_c4	4	7	4425158	0.8733	72.00	detected	2	4068	7012	yes
SRR12247681	45	norm_c6	6	42	4115881	0.8123	78.00	detected	2	4163	7012	yes
SRR12247681	45	norm_c6	6	4556	4063525	0.8020	76.00	detected	2	4177	7012	yes
SRR12247681	45	norm_c6	6	7	3985844	0.7866	72.00	detected	2	4166	7012	yes
SRR12247681	45	norm_c8	8	42	4317610	0.8521	78.00	detected	2	4247	7012	yes
SRR12247681	45	norm_c8	8	4556	4036044	0.7965	76.00	detected	2	4273	7012	yes
SRR12247681	45	norm_c8	8	7	3855112	0.7608	72.00	detected	2	4292	7012	yes
SRR12247681	54	legacy	0	42	53287	0.0105	NA	NA	NA	NA	NA	no
SRR12247681	54	legacy	0	4556	50787	0.0100	NA	NA	NA	NA	NA	no
SRR12247681	54	legacy	0	7	45788	0.0090	NA	NA	NA	NA	NA	no
SRR12247681	54	norm_c1	1	42	5089488	1.0044	65.00	detected	1	2350	5843	yes
SRR12247681	54	norm_c1	1	4556	5291279	1.0443	70.00	detected	1	2312	5843	yes
SRR12247681	54	norm_c1	1	7	5323251	1.0506	70.00	detected	1	2314	5843	yes
SRR12247681	54	norm_c2	2	42	4915228	0.9700	65.00	detected	1	3066	5843	yes
SRR12247681	54	norm_c2	2	4556	4667674	0.9212	70.00	detected	1	3037	5843	yes
SRR12247681	54	norm_c2	2	7	4435723	0.8754	70.00	detected	1	3069	5843	yes
SRR12247681	54	norm_c3	3	42	4344278	0.8574	65.00	detected	1	3222	5843	yes
SRR12247681	54	norm_c3	3	4556	4435450	0.8754	70.00	detected	1	3228	5843	yes
SRR12247681	54	norm_c3	3	7	4219558	0.8328	70.00	detected	1	3230	5843	yes
SRR12247681	54	norm_c4	4	42	4306672	0.8499	65.00	detected	1	3291	5843	yes
SRR12247681	54	norm_c4	4	4556	4290981	0.8468	70.00	detected	1	3293	5843	yes
SRR12247681	54	norm_c4	4	7	4291657	0.8470	70.00	detected	1	3313	5843	yes
SRR12247681	54	norm_c6	6	42	4347850	0.8581	65.00	detected	1	3376	5843	yes
SRR12247681	54	norm_c6	6	4556	4164873	0.8220	70.00	detected	1	3397	5843	yes
SRR12247681	54	norm_c6	6	7	4263188	0.8414	70.00	detected	1	3393	5843	yes
SRR12247681	54	norm_c8	8	42	4166516	0.8223	65.00	detected	1	3481	5843	yes
SRR12247681	54	norm_c8	8	4556	4217981	0.8324	70.00	detected	1	3482	5843	yes
SRR12247681	54	norm_c8	8	7	4008430	0.7911	70.00	detected	1	3478	5843	yes
SRR12247681	9	legacy	0	42	42487	0.0084	NA	NA	NA	NA	NA	no
SRR12247681	9	legacy	0	4556	45635	0.0090	NA	NA	NA	NA	NA	no
SRR12247681	9	legacy	0	7	46690	0.0092	NA	NA	NA	NA	NA	no
SRR12247681	9	norm_c1	1	42	4629894	0.9137	69.00	detected	5	14579	35057	yes
SRR12247681	9	norm_c1	1	4556	4630965	0.9139	74.00	detected	5	14629	35057	yes
SRR12247681	9	norm_c1	1	7	4753016	0.9380	74.00	detected	6	15844	35057	yes
SRR12247681	9	norm_c2	2	42	4347991	0.8581	69.00	detected	5	18239	35057	yes
SRR12247681	9	norm_c2	2	4556	4761091	0.9396	74.00	detected	5	18263	35057	yes
SRR12247681	9	norm_c2	2	7	4159710	0.8209	74.00	detected	6	18610	35057	yes
SRR12247681	9	norm_c3	3	42	4292748	0.8472	69.00	detected	5	18875	35057	yes
SRR12247681	9	norm_c3	3	4556	4770807	0.9415	74.00	detected	5	18927	35057	yes
SRR12247681	9	norm_c3	3	7	4317838	0.8521	74.00	detected	6	19092	35057	yes
SRR12247681	9	norm_c4	4	42	4386353	0.8657	69.00	detected	5	19216	35057	yes
SRR12247681	9	norm_c4	4	4556	4480280	0.8842	74.00	detected	5	19199	35057	yes
SRR12247681	9	norm_c4	4	7	4472344	0.8826	74.00	detected	6	19482	35057	yes
SRR12247681	9	norm_c6	6	42	4170088	0.8230	69.00	detected	5	19801	35057	yes
SRR12247681	9	norm_c6	6	4556	4287705	0.8462	74.00	detected	5	19745	35057	yes
SRR12247681	9	norm_c6	6	7	4298190	0.8483	74.00	detected	6	20017	35057	yes
SRR12247681	9	norm_c8	8	42	4043086	0.7979	69.00	detected	5	20213	35057	yes
SRR12247681	9	norm_c8	8	4556	4398721	0.8681	74.00	detected	5	20187	35057	yes
SRR12247681	9	norm_c8	8	7	4534980	0.8950	74.00	detected	6	20501	35057	yes
SRR26715166	1	legacy	0	42	720507	0.3172	NA	NA	NA	NA	NA	no
SRR26715166	1	legacy	0	4556	552363	0.2432	NA	NA	NA	NA	NA	no
SRR26715166	1	legacy	0	7	510686	0.2248	NA	NA	NA	NA	NA	no
SRR26715166	1	norm_c1	1	42	2132375	0.9387	81.00	detected	3	2626	7473	yes
SRR26715166	1	norm_c1	1	4556	2025296	0.8916	64.00	detected	3	2653	7473	yes
SRR26715166	1	norm_c1	1	7	1903946	0.8382	79.00	detected	3	2654	7473	yes
SRR26715166	1	norm_c2	2	42	1881681	0.8284	81.00	detected	3	3731	7473	yes
SRR26715166	1	norm_c2	2	4556	1938915	0.8536	64.00	detected	3	3755	7473	yes
SRR26715166	1	norm_c2	2	7	1950804	0.8588	79.00	detected	3	3784	7473	yes
SRR26715166	1	norm_c3	3	42	1947696	0.8574	81.00	detected	3	4394	7473	yes
SRR26715166	1	norm_c3	3	4556	1924774	0.8473	64.00	detected	3	4395	7473	yes
SRR26715166	1	norm_c3	3	7	1950551	0.8587	79.00	detected	3	4419	7473	yes
SRR26715166	1	norm_c4	4	42	1834556	0.8076	81.00	detected	3	4707	7473	yes
SRR26715166	1	norm_c4	4	4556	1690696	0.7443	64.00	detected	3	4687	7473	yes
SRR26715166	1	norm_c4	4	7	1719325	0.7569	79.00	detected	3	4729	7473	yes
SRR26715166	1	norm_c6	6	42	1830549	0.8059	81.00	detected	3	4944	7473	yes
SRR26715166	1	norm_c6	6	4556	1692227	0.7450	64.00	detected	3	4946	7473	yes
SRR26715166	1	norm_c6	6	7	1660974	0.7312	79.00	detected	3	4978	7473	yes
SRR26715166	1	norm_c8	8	42	1739612	0.7658	81.00	detected	3	5090	7473	yes
SRR26715166	1	norm_c8	8	4556	1670745	0.7355	64.00	detected	3	5105	7473	yes
SRR26715166	1	norm_c8	8	7	1716740	0.7558	79.00	detected	3	5097	7473	yes
SRR26715166	2	legacy	0	42	497009	0.2188	NA	NA	NA	NA	NA	no
SRR26715166	2	legacy	0	4556	417553	0.1838	NA	NA	NA	NA	NA	no
SRR26715166	2	legacy	0	7	413650	0.1821	NA	NA	NA	NA	NA	no
SRR26715166	2	norm_c1	1	42	1955355	0.8608	78.00	detected	2	1499	3737	yes
SRR26715166	2	norm_c1	1	4556	2064047	0.9087	81.00	detected	2	1524	3737	yes
SRR26715166	2	norm_c1	1	7	1983126	0.8730	75.00	detected	2	1530	3737	yes
SRR26715166	2	norm_c2	2	42	2045701	0.9006	78.00	detected	2	2103	3737	yes
SRR26715166	2	norm_c2	2	4556	1984810	0.8738	81.00	detected	2	2073	3737	yes
SRR26715166	2	norm_c2	2	7	1993954	0.8778	75.00	detected	2	2103	3737	yes
SRR26715166	2	norm_c3	3	42	1735823	0.7642	78.00	detected	2	2325	3737	yes
SRR26715166	2	norm_c3	3	4556	1884831	0.8298	81.00	detected	2	2328	3737	yes
SRR26715166	2	norm_c3	3	7	2064820	0.9090	75.00	detected	2	2341	3737	yes
SRR26715166	2	norm_c4	4	42	1853340	0.8159	78.00	detected	2	2422	3737	yes
SRR26715166	2	norm_c4	4	4556	1722961	0.7585	81.00	detected	2	2410	3737	yes
SRR26715166	2	norm_c4	4	7	1913875	0.8426	75.00	detected	2	2417	3737	yes
SRR26715166	2	norm_c6	6	42	1894196	0.8339	78.00	detected	2	2530	3737	yes
SRR26715166	2	norm_c6	6	4556	1628352	0.7169	81.00	detected	2	2537	3737	yes
SRR26715166	2	norm_c6	6	7	1664765	0.7329	75.00	detected	2	2541	3737	yes
SRR26715166	2	norm_c8	8	42	1500489	0.6606	78.00	detected	2	2597	3737	yes
SRR26715166	2	norm_c8	8	4556	1507809	0.6638	81.00	detected	2	2609	3737	yes
SRR26715166	2	norm_c8	8	7	1467165	0.6459	75.00	detected	2	2605	3737	yes
