run	platform	truth_bp	ont_preset_bp	pb_preset_bp	ont_preset_over_truth	pb_preset_over_truth	matches_issue36
DRR072240	PACBIO_SMRT	2877864	16321066	5790440	5.6712	2.0121	yes
DRR126367	PACBIO_SMRT	3320462	4489858	4009540	1.3522	1.2075	yes
DRR126418	PACBIO_SMRT	3138474	4512398	4050806	1.4378	1.2907	yes
DRR126420	PACBIO_SMRT	3171737	4394832	3995281	1.3856	1.2597	yes
DRR140496	PACBIO_SMRT	6191129	12617819	10298930	2.0380	1.6635	yes
DRR148418	PACBIO_SMRT	4852135	8429857	6626556	1.7374	1.3657	yes
DRR154116	OXFORD_NANOPORE	2096423	2635155	2878048	1.2570	1.3728	yes
DRR157860	PACBIO_SMRT	5307994	8980414	7958944	1.6919	1.4994	yes
DRR174804	PACBIO_SMRT	4768325	8172083	7408560	1.7138	1.5537	yes
DRR174806	PACBIO_SMRT	4811855	6149730	5646643	1.2780	1.1735	yes
DRR174808	PACBIO_SMRT	4770723	6174184	5665774	1.2942	1.1876	yes
DRR174985	PACBIO_SMRT	2579134	3235420	3021025	1.2545	1.1713	yes
DRR179484	PACBIO_SMRT	3301347	3770280	3659589	1.1420	1.1085	yes
DRR179485	PACBIO_SMRT	2962376	3433126	3327653	1.1589	1.1233	yes
DRR179488	PACBIO_SMRT	3302129	3747216	3641714	1.1348	1.1028	yes
DRR180575	PACBIO_SMRT	2957206	5174018	4709988	1.7496	1.5927	yes
DRR189760	PACBIO_SMRT	4950731	11857879	8439858	2.3952	1.7048	yes
DRR198111	PACBIO_SMRT	2878459	3107547	3091788	1.0796	1.0741	yes
DRR207928	PACBIO_SMRT	2908404	3515859	3373965	1.2089	1.1601	yes
DRR218311	PACBIO_SMRT	3095585	3885932	3683658	1.2553	1.1900	yes
DRR228291	PACBIO_SMRT	9470940	16344734	12786986	1.7258	1.3501	yes
DRR228292	PACBIO_SMRT	11246397	22368648	15726472	1.9890	1.3984	yes
DRR241428	PACBIO_SMRT	3693126	6607590	5047191	1.7892	1.3666	yes
DRR248582	PACBIO_SMRT	9216772	17529824	12017277	1.9019	1.3038	yes
DRR296284	PACBIO_SMRT	6732290	6319411	6417458	0.9387	0.9532	yes
DRR307107	PACBIO_SMRT	2727503	3282754	3085505	1.2036	1.1313	yes
DRR307112	PACBIO_SMRT	3812179	4968606	4693215	1.3034	1.2311	yes
DRR307121	PACBIO_SMRT	3608085	4640775	4368288	1.2862	1.2107	yes
DRR307122	PACBIO_SMRT	3608087	3956382	3827491	1.0965	1.0608	yes
DRR307155	PACBIO_SMRT	4117255	5007674	4749620	1.2163	1.1536	yes
DRR307162	PACBIO_SMRT	2686623	3420546	3216002	1.2732	1.1970	yes
DRR331382	PACBIO_SMRT	4604912	10324912	8450020	2.2422	1.8350	yes
DRR331672	PACBIO_SMRT	2687455	7490536	5046306	2.7872	1.8777	yes
DRR331673	PACBIO_SMRT	2687455	6658907	4623679	2.4778	1.7205	yes
DRR331674	PACBIO_SMRT	2687455	6138386	4369669	2.2841	1.6260	yes
DRR331675	PACBIO_SMRT	2687455	6056863	4306841	2.2538	1.6026	yes
DRR331676	PACBIO_SMRT	2687455	5244165	3954901	1.9513	1.4716	yes
DRR331677	PACBIO_SMRT	2687455	5073317	3857216	1.8878	1.4353	yes
DRR331678	PACBIO_SMRT	2687455	5103061	3910451	1.8988	1.4551	yes
DRR331679	PACBIO_SMRT	2687455	4984582	3841122	1.8548	1.4293	yes
DRR346902	PACBIO_SMRT	3598496	3465627	3474207	0.9631	0.9655	yes
DRR376827	PACBIO_SMRT	6034532	7053056	6664376	1.1688	1.1044	yes
DRR378333	PACBIO_SMRT	5050229	10630263	8026772	2.1049	1.5894	yes
DRR379710	PACBIO_SMRT	6768296	31372318	15301771	4.6352	2.2608	yes
DRR396223	PACBIO_SMRT	5914097	6829525	6446176	1.1548	1.0900	yes
DRR403244	PACBIO_SMRT	3403863	3343241	3336527	0.9822	0.9802	yes
DRR403326	PACBIO_SMRT	3762062	3643688	3648976	0.9685	0.9699	yes
DRR403997	PACBIO_SMRT	2896423	4942152	4564791	1.7063	1.5760	yes
DRR403998	PACBIO_SMRT	2839476	3375290	3103354	1.1887	1.0929	yes
DRR403999	PACBIO_SMRT	2818420	5017518	4548535	1.7803	1.6139	yes
DRR404003	PACBIO_SMRT	2853704	4870772	4456352	1.7068	1.5616	yes
DRR409419	PACBIO_SMRT	6168102	9293074	8044758	1.5066	1.3043	yes
DRR413267	PACBIO_SMRT	1868546	1887464	1896946	1.0101	1.0152	yes
DRR413434	PACBIO_SMRT	2594181	2576532	2585890	0.9932	0.9968	yes
DRR413435	PACBIO_SMRT	2773381	2728968	2728721	0.9840	0.9839	yes
DRR482541	OXFORD_NANOPORE	1677003	1729315	1748391	1.0312	1.0426	yes
DRR488392	PACBIO_SMRT	6050184	5841067	5665328	0.9654	0.9364	yes
DRR490216	PACBIO_SMRT	5125506	4743750	4761904	0.9255	0.9291	yes
DRR491367	PACBIO_SMRT	2213206	2103202	2114754	0.9503	0.9555	yes
DRR506547	PACBIO_SMRT	9922990	8861198	9016015	0.8930	0.9086	yes
DRR513694	PACBIO_SMRT	10833180	8664654	8937566	0.7998	0.8250	yes
DRR514775	PACBIO_SMRT	3122901	3793624	3610971	1.2148	1.1563	yes
DRR514873	PACBIO_SMRT	3793644	3723424	3739924	0.9815	0.9858	yes
DRR514962	PACBIO_SMRT	5219685	5024070	5042154	0.9625	0.9660	yes
DRR514964	PACBIO_SMRT	4591558	4320405	4344648	0.9409	0.9462	yes
DRR514966	PACBIO_SMRT	4253521	4071011	4089270	0.9571	0.9614	yes
DRR546153	PACBIO_SMRT	4219519	3933858	3995570	0.9323	0.9469	yes
DRR546398	PACBIO_SMRT	5370016	5182300	5230839	0.9650	0.9741	yes
DRR546667	PACBIO_SMRT	3591470	3097292	3109338	0.8624	0.8658	yes
DRR567738	PACBIO_SMRT	3920899	3643554	3624562	0.9293	0.9244	yes
DRR568656	PACBIO_SMRT	3846721	3768724	3776580	0.9797	0.9818	yes
SRR10013755	PACBIO_SMRT	4954714	6742462	5781125	1.3608	1.1668	yes
SRR10019385	PACBIO_SMRT	7324898	20774180	13091298	2.8361	1.7872	yes
SRR10070368	PACBIO_SMRT	6846621	10564758	8707590	1.5431	1.2718	yes
SRR10078297	PACBIO_SMRT	7618936	13086272	11377720	1.7176	1.4933	yes
SRR10140034	PACBIO_SMRT	2846871	3589718	3251930	1.2609	1.1423	yes
SRR10340799	OXFORD_NANOPORE	5645678	4857865	4978742	0.8605	0.8819	yes
SRR10405212	PACBIO_SMRT	4528123	4546550	4560279	1.0041	1.0071	yes
SRR10411457	PACBIO_SMRT	5533130	7367660	6346870	1.3316	1.1471	yes
SRR10428552	PACBIO_SMRT	5037217	7446680	6743602	1.4783	1.3388	yes
SRR10507067	PACBIO_SMRT	1832173	3927818	2146964	2.1438	1.1718	yes
SRR10520608	PACBIO_SMRT	5647778	8691616	7807099	1.5389	1.3823	yes
SRR10613303	PACBIO_SMRT	4321452	7419941	6018262	1.7170	1.3926	yes
SRR10662281	PACBIO_SMRT	5370228	8573911	7056261	1.5966	1.3140	yes
SRR10672466	PACBIO_SMRT	3674400	5171339	4778654	1.4074	1.3005	yes
SRR10672468	PACBIO_SMRT	3396816	4865826	4523058	1.4325	1.3316	no
SRR10672473	PACBIO_SMRT	3669945	8025498	5435066	2.1868	1.4810	yes
SRR10695014	PACBIO_SMRT	4684771	5193425	4992652	1.1086	1.0657	yes
SRR10728566	PACBIO_SMRT	7075587	10761944	9399752	1.5210	1.3285	yes
SRR10741801	PACBIO_SMRT	2939729	4388744	4009802	1.4929	1.3640	yes
SRR10743286	PACBIO_SMRT	1677515	1809683	1680204	1.0788	1.0016	yes
SRR10752810	PACBIO_SMRT	2187612	4447050	3942845	2.0328	1.8024	yes
SRR10752811	PACBIO_SMRT	1983159	3236653	3025541	1.6321	1.5256	yes
SRR10752812	PACBIO_SMRT	2349358	4707505	3912099	2.0037	1.6652	yes
SRR10766199	PACBIO_SMRT	5176451	6700402	6350341	1.2944	1.2268	yes
SRR10803141	PACBIO_SMRT	3539411	6432483	4893677	1.8174	1.3826	yes
SRR10803142	PACBIO_SMRT	3539411	6663403	4965178	1.8826	1.4028	yes
SRR10803143	PACBIO_SMRT	3539411	6558555	4914279	1.8530	1.3884	yes
SRR10831793	PACBIO_SMRT	1656288	5803800	4812958	3.5041	2.9059	yes
SRR10851446	PACBIO_SMRT	4530564	5616131	5325488	1.2396	1.1755	yes
SRR10882607	PACBIO_SMRT	5417742	8158675	7394477	1.5059	1.3649	yes
SRR10912906	PACBIO_SMRT	5338743	13117924	8699950	2.4571	1.6296	yes
SRR11078307	PACBIO_SMRT	6818519	10435181	9307500	1.5304	1.3650	yes
SRR11091770	PACBIO_SMRT	2332391	3334358	3570359	1.4296	1.5308	yes
SRR11140579	PACBIO_SMRT	4591950	5914112	5587968	1.2879	1.2169	yes
SRR11140580	PACBIO_SMRT	4432553	6052603	5638502	1.3655	1.2721	yes
SRR11140588	PACBIO_SMRT	4585350	5801250	5451226	1.2652	1.1888	yes
SRR11179864	PACBIO_SMRT	4957773	8760623	7479334	1.7670	1.5086	yes
SRR11212804	PACBIO_SMRT	5561850	6159516	5883044	1.1075	1.0577	yes
SRR11215186	PACBIO_SMRT	1318700	1670578	1627146	1.2668	1.2339	yes
SRR11248242	PACBIO_SMRT	6517592	7877426	7398252	1.2086	1.1351	yes
SRR11248247	PACBIO_SMRT	6286188	7945642	7472110	1.2640	1.1887	yes
SRR11248338	PACBIO_SMRT	7957748	9674878	9073942	1.2158	1.1403	yes
SRR11288494	PACBIO_SMRT	3938593	21395254	15004836	5.4322	3.8097	yes
SRR11290117	PACBIO_SMRT	6536046	8958004	7557487	1.3706	1.1563	yes
SRR11290118	PACBIO_SMRT	6277301	10638441	7975806	1.6947	1.2706	yes
SRR11290119	PACBIO_SMRT	6892015	25664564	13344810	3.7238	1.9363	yes
SRR11306710	PACBIO_SMRT	4832009	7173646	6789074	1.4846	1.4050	yes
SRR11317973	PACBIO_SMRT	5004825	9828561	7748658	1.9638	1.5482	yes
SRR11365219	PACBIO_SMRT	4934027	7736324	6915351	1.5680	1.4016	yes
SRR11451958	PACBIO_SMRT	6902589	18140604	12181331	2.6281	1.7647	yes
SRR11462379	PACBIO_SMRT	9116672	13387070	10705918	1.4684	1.1743	yes
SRR11507283	PACBIO_SMRT	6288195	7568324	7140686	1.2036	1.1356	yes
SRR11513892	PACBIO_SMRT	5353174	9492177	8194734	1.7732	1.5308	yes
SRR11513901	PACBIO_SMRT	5139892	6100565	5659787	1.1869	1.1011	yes
SRR11513908	PACBIO_SMRT	4860289	8881699	7720925	1.8274	1.5886	yes
SRR11553454	PACBIO_SMRT	5357194	5851215	5570328	1.0922	1.0398	yes
SRR11553455	PACBIO_SMRT	5357194	5572015	5290942	1.0401	0.9876	yes
SRR11778447	PACBIO_SMRT	5704030	8337772	6899517	1.4617	1.2096	yes
SRR11880653	PACBIO_SMRT	6357750	9623558	8783914	1.5137	1.3816	yes
SRR11909885	OXFORD_NANOPORE	5276672	5455146	5586990	1.0338	1.0588	yes
SRR11977808	PACBIO_SMRT	3820375	3695363	3761180	0.9673	0.9845	yes
SRR12020159	PACBIO_SMRT	2585348	3175451	2968223	1.2282	1.1481	yes
SRR12042540	PACBIO_SMRT	4810361	6994337	6089264	1.4540	1.2659	yes
SRR12066800	PACBIO_SMRT	6820876	14205525	11829715	2.0827	1.7343	yes
SRR12073574	PACBIO_SMRT	6321947	10267467	8688789	1.6241	1.3744	yes
SRR12073575	PACBIO_SMRT	6321947	12674900	10053376	2.0049	1.5902	yes
SRR12135868	PACBIO_SMRT	8473046	66422400	37279924	7.8393	4.3998	yes
SRR12147485	PACBIO_SMRT	3849224	5129296	4384489	1.3326	1.1391	yes
SRR12158098	PACBIO_SMRT	4980968	7842048	6461554	1.5744	1.2972	yes
SRR12158100	PACBIO_SMRT	5077082	8032370	6533502	1.5821	1.2869	yes
SRR12211926	PACBIO_SMRT	3963437	9300718	6409002	2.3466	1.6170	yes
SRR12298352	PACBIO_SMRT	5309420	7856479	6459128	1.4797	1.2165	yes
SRR12298448	PACBIO_SMRT	5566305	7863942	6724205	1.4128	1.2080	yes
SRR12339180	PACBIO_SMRT	5049889	5018806	5003466	0.9938	0.9908	yes
SRR12367305	PACBIO_SMRT	10375238	27967366	18410636	2.6956	1.7745	yes
SRR12390689	PACBIO_SMRT	4934017	7499976	6573724	1.5201	1.3323	yes
SRR12390701	PACBIO_SMRT	5387171	7635680	6894215	1.4174	1.2797	yes
SRR12396136	PACBIO_SMRT	3918289	5629753	4913368	1.4368	1.2540	yes
SRR12507229	PACBIO_SMRT	1804582	2445897	2229497	1.3554	1.2355	yes
SRR12507232	PACBIO_SMRT	1863075	2611886	2368516	1.4019	1.2713	yes
SRR12563834	PACBIO_SMRT	5213616	7169255	6586196	1.3751	1.2633	yes
SRR12607128	PACBIO_SMRT	2933059	3686816	3386039	1.2570	1.1544	yes
SRR12622555	PACBIO_SMRT	3922746	7436545	6050804	1.8957	1.5425	yes
SRR12697331	OXFORD_NANOPORE	7367353	7193856	7442996	0.9765	1.0103	yes
SRR12704060	PACBIO_SMRT	5185050	6914088	5988924	1.3335	1.1550	yes
SRR12704061	PACBIO_SMRT	6093178	7864874	6931958	1.2908	1.1377	yes
SRR12739076	PACBIO_SMRT	3077465	6544207	5096526	2.1265	1.6561	yes
SRR12739077	PACBIO_SMRT	3077465	7162544	5348761	2.3274	1.7380	yes
SRR12739078	PACBIO_SMRT	3077465	6566920	5147204	2.1339	1.6725	yes
SRR12800422	PACBIO_SMRT	891641	1310067	1141334	1.4693	1.2800	yes
SRR12811577	PACBIO_SMRT	5896689	12166913	10634205	2.0633	1.8034	yes
SRR12811583	PACBIO_SMRT	5825322	20001288	16151100	3.4335	2.7726	yes
SRR12811588	PACBIO_SMRT	5515915	18037576	14963388	3.2701	2.7128	yes
SRR12811598	PACBIO_SMRT	5624921	10009393	8812124	1.7795	1.5666	yes
SRR12825849	PACBIO_SMRT	2132299	2865090	2681023	1.3437	1.2573	yes
SRR12825855	PACBIO_SMRT	3152123	4454447	4118470	1.4132	1.3066	yes
SRR12825879	PACBIO_SMRT	4647315	5356755	5108926	1.1527	1.0993	yes
SRR12825882	PACBIO_SMRT	2075758	2539504	2396677	1.2234	1.1546	yes
SRR12933777	PACBIO_SMRT	2479638	2164078	1026505	0.8727	0.4140	yes
SRR12933779	PACBIO_SMRT	2479638	2953936	2795020	1.1913	1.1272	yes
SRR12934924	PACBIO_SMRT	5200450	7303922	6288413	1.4045	1.2092	yes
SRR12934927	PACBIO_SMRT	4593248	6564594	5747610	1.4292	1.2513	yes
SRR12936660	PACBIO_SMRT	2904831	3572721	3335819	1.2299	1.1484	yes
SRR12937956	PACBIO_SMRT	2583917	4535196	3928698	1.7552	1.5204	yes
SRR12937959	PACBIO_SMRT	5484374	7826331	7061546	1.4270	1.2876	yes
SRR12938614	PACBIO_SMRT	5275260	6947373	6473288	1.3170	1.2271	yes
SRR12938618	PACBIO_SMRT	2669288	4008627	3680840	1.5018	1.3790	yes
SRR12938891	PACBIO_SMRT	2634722	3840494	3594872	1.4576	1.3644	yes
SRR12938913	PACBIO_SMRT	2556308	3409992	3182853	1.3340	1.2451	yes
SRR12938915	PACBIO_SMRT	2543530	3303340	3099898	1.2987	1.2187	yes
SRR12938961	PACBIO_SMRT	3026517	3999014	3670009	1.3213	1.2126	yes
SRR12953601	PACBIO_SMRT	4745224	9381543	6924468	1.9770	1.4592	yes
SRR12970172	PACBIO_SMRT	3712988	5023842	4720180	1.3530	1.2713	yes
SRR12970238	PACBIO_SMRT	3982951	6030420	5797292	1.5141	1.4555	yes
SRR12970287	PACBIO_SMRT	3520443	5359726	5034100	1.5225	1.4300	yes
SRR12975746	PACBIO_SMRT	3267287	3901938	3685014	1.1942	1.1279	yes
SRR13014167	PACBIO_SMRT	2297680	3593963	3142184	1.5642	1.3675	yes
SRR13181161	PACBIO_SMRT	2474943	3138020	2914888	1.2679	1.1778	yes
SRR13181163	PACBIO_SMRT	2823217	3573284	3318994	1.2657	1.1756	yes
SRR13181232	PACBIO_SMRT	2886678	3643291	3371752	1.2621	1.1680	yes
SRR13181256	PACBIO_SMRT	2446807	3142872	2930340	1.2845	1.1976	yes
SRR13181480	PACBIO_SMRT	2493537	3201290	2933694	1.2838	1.1765	yes
SRR13181598	PACBIO_SMRT	2093459	2468035	2334336	1.1789	1.1151	yes
SRR13181644	PACBIO_SMRT	2652865	3363295	3154084	1.2678	1.1889	yes
SRR13181648	PACBIO_SMRT	8031696	13644343	11545004	1.6988	1.4374	yes
SRR13181652	PACBIO_SMRT	8053224	14287582	11946517	1.7741	1.4834	yes
SRR13181654	PACBIO_SMRT	8082614	15528770	12628480	1.9213	1.5624	yes
SRR13181655	PACBIO_SMRT	8084048	16307282	13220236	2.0172	1.6353	yes
SRR13181968	PACBIO_SMRT	3928855	5009844	4635940	1.2751	1.1800	yes
SRR13181987	PACBIO_SMRT	4570957	5599141	5267151	1.2249	1.1523	yes
SRR13182350	PACBIO_SMRT	3619096	4761036	4380864	1.3155	1.2105	yes
SRR13182352	PACBIO_SMRT	4813143	6161951	5760689	1.2802	1.1969	yes
SRR13182360	PACBIO_SMRT	6613968	8397694	7786774	1.2697	1.1773	yes
SRR13182422	PACBIO_SMRT	4812038	5984071	5518660	1.2436	1.1468	yes
SRR13182559	PACBIO_SMRT	9798102	13650878	12419030	1.3932	1.2675	yes
SRR13182589	PACBIO_SMRT	2774993	3333935	3111955	1.2014	1.1214	yes
SRR13182691	PACBIO_SMRT	5058561	5944551	5568185	1.1751	1.1007	yes
SRR13183063	PACBIO_SMRT	6409097	8180275	7535846	1.2764	1.1758	yes
SRR13183064	PACBIO_SMRT	6409097	1932965	1513291	0.3016	0.2361	yes
SRR13183065	PACBIO_SMRT	6409097	7671859	7093073	1.1970	1.1067	yes
SRR13183067	PACBIO_SMRT	4808040	1825389	768420	0.3797	0.1598	yes
SRR13183068	PACBIO_SMRT	4808040	5796811	5369347	1.2056	1.1167	yes
SRR13183069	PACBIO_SMRT	4808040	5896958	5490794	1.2265	1.1420	yes
SRR13183070	PACBIO_SMRT	4808040	6229520	5733018	1.2956	1.1924	yes
SRR13183072	PACBIO_SMRT	4808040	5734646	4970590	1.1927	1.0338	yes
SRR13183073	PACBIO_SMRT	4808040	8317840	6634914	1.7300	1.3800	yes
SRR13195542	PACBIO_SMRT	3202093	6160477	4432080	1.9239	1.3841	yes
SRR13238532	PACBIO_SMRT	3038845	3867432	3468227	1.2727	1.1413	yes
SRR13355265	PACBIO_SMRT	5282528	6332272	5806527	1.1987	1.0992	yes
SRR13365414	PACBIO_SMRT	8193177	10326596	8632594	1.2604	1.0536	yes
SRR13443114	PACBIO_SMRT	2871334	3372512	3214902	1.1745	1.1197	yes
SRR13447360	PACBIO_SMRT	2886896	3399632	3239616	1.1776	1.1222	yes
SRR13449989	PACBIO_SMRT	2901393	3441586	3280316	1.1862	1.1306	yes
SRR13642592	PACBIO_SMRT	10410654	12476064	11529194	1.1984	1.1074	yes
SRR13668413	PACBIO_SMRT	5758155	7189443	6535454	1.2486	1.1350	yes
SRR13668427	PACBIO_SMRT	5557539	7012409	6443350	1.2618	1.1594	yes
SRR13668439	PACBIO_SMRT	5488143	6366689	5956060	1.1601	1.0853	yes
SRR13670000	PACBIO_SMRT	5082423	6062884	5690766	1.1929	1.1197	yes
SRR13670131	PACBIO_SMRT	5346695	6127756	5759562	1.1461	1.0772	yes
SRR13670628	PACBIO_SMRT	5590265	6374596	5977903	1.1403	1.0693	yes
SRR13672888	PACBIO_SMRT	5168953	5873575	5504788	1.1363	1.0650	yes
SRR13674228	PACBIO_SMRT	5278156	6259779	5860330	1.1860	1.1103	yes
SRR13674234	PACBIO_SMRT	5271331	7118825	6456596	1.3505	1.2249	yes
SRR13674408	PACBIO_SMRT	3373067	4623481	4181320	1.3707	1.2396	yes
SRR13674440	PACBIO_SMRT	1981414	2466406	2303624	1.2448	1.1626	yes
SRR13674457	PACBIO_SMRT	4105080	5230020	4625726	1.2740	1.1268	yes
SRR13674459	PACBIO_SMRT	4105436	5004319	4524508	1.2189	1.1021	yes
SRR13674460	PACBIO_SMRT	4105604	6154266	5235158	1.4990	1.2751	yes
SRR13674462	PACBIO_SMRT	4105067	5880155	5115497	1.4324	1.2461	yes
SRR13674464	PACBIO_SMRT	4104031	6172347	5303914	1.5040	1.2924	yes
SRR13837247	PACBIO_SMRT	4131713	4058372	4061610	0.9822	0.9830	yes
SRR14069006	PACBIO_SMRT	11399526	13173216	11337739	1.1556	0.9946	yes
SRR14069081	PACBIO_SMRT	11474152	13742545	12033218	1.1977	1.0487	yes
SRR14069623	PACBIO_SMRT	8753169	10098672	9373901	1.1537	1.0709	yes
SRR14075991	PACBIO_SMRT	11609901	17279114	14051552	1.4883	1.2103	yes
SRR14103433	PACBIO_SMRT	5329607	5633903	5513927	1.0571	1.0346	yes
SRR14108820	PACBIO_SMRT	5024671	6149560	5699194	1.2239	1.1342	yes
SRR14108825	PACBIO_SMRT	5114786	6032189	5670897	1.1794	1.1087	yes
SRR14108827	PACBIO_SMRT	5120965	6169764	5783977	1.2048	1.1295	yes
SRR14140347	PACBIO_SMRT	4434434	5189962	4905822	1.1704	1.1063	yes
SRR14181225	PACBIO_SMRT	4301978	11360082	9962500	2.6407	2.3158	yes
SRR14230922	OXFORD_NANOPORE	2101534	2394702	2454026	1.1395	1.1677	yes
SRR14294771	PACBIO_SMRT	1931655	1771261	1780543	0.9170	0.9218	yes
SRR14294773	PACBIO_SMRT	1935288	1867845	1877834	0.9652	0.9703	yes
SRR14294776	PACBIO_SMRT	1963796	1853197	1855493	0.9437	0.9449	yes
SRR14294777	PACBIO_SMRT	1931655	1808790	1821909	0.9364	0.9432	yes
SRR14294779	PACBIO_SMRT	1935288	2372372	2155642	1.2258	1.1139	yes
SRR14294782	PACBIO_SMRT	1963796	2378372	2145328	1.2111	1.0924	yes
SRR14294783	PACBIO_SMRT	1931655	2321055	2100377	1.2016	1.0873	yes
SRR14294785	PACBIO_SMRT	1935288	1819290	1834101	0.9401	0.9477	yes
SRR14294788	PACBIO_SMRT	1963796	1787003	1795392	0.9100	0.9142	yes
SRR14294789	PACBIO_SMRT	1955459	1864089	1868964	0.9533	0.9558	yes
SRR14318404	PACBIO_SMRT	9796466	11680336	11131493	1.1923	1.1363	yes
SRR14417043	PACBIO_SMRT	5000591	6221260	5780498	1.2441	1.1560	yes
SRR14419376	PACBIO_SMRT	5509697	7180250	6142488	1.3032	1.1149	yes
SRR14419378	PACBIO_SMRT	5634629	6380094	5684563	1.1323	1.0089	yes
SRR14419384	PACBIO_SMRT	5639358	8316827	6794010	1.4748	1.2047	yes
SRR14419388	PACBIO_SMRT	5555594	8549484	6937986	1.5389	1.2488	yes
SRR14458708	PACBIO_SMRT	9359382	11842680	10733012	1.2653	1.1468	yes
SRR14619782	PACBIO_SMRT	2915057	4040451	3770962	1.3861	1.2936	yes
SRR14621278	PACBIO_SMRT	2901641	4039840	3771427	1.3923	1.2998	yes
SRR14621967	PACBIO_SMRT	2912948	3948976	3725034	1.3557	1.2788	yes
SRR14693196	PACBIO_SMRT	5405563	8025816	7001791	1.4847	1.2953	yes
SRR14693198	PACBIO_SMRT	5346370	7942710	6892636	1.4856	1.2892	yes
SRR14757211	PACBIO_SMRT	2719233	3206226	2961088	1.1791	1.0889	yes
SRR14757212	PACBIO_SMRT	2719235	3210004	2969228	1.1805	1.0919	yes
SRR14757213	PACBIO_SMRT	2719166	3344807	3075117	1.2301	1.1309	yes
SRR14757215	PACBIO_SMRT	2766978	3279686	3040352	1.1853	1.0988	yes
SRR14757216	PACBIO_SMRT	2766976	3233014	2960293	1.1684	1.0699	yes
SRR14757217	PACBIO_SMRT	2766976	3338022	3055624	1.2064	1.1043	yes
SRR14757218	PACBIO_SMRT	2766978	3237734	2977985	1.1701	1.0763	yes
SRR14757219	PACBIO_SMRT	2766975	3171067	2940276	1.1460	1.0626	yes
SRR14757220	PACBIO_SMRT	2766975	3293694	3031007	1.1904	1.0954	yes
SRR14757221	PACBIO_SMRT	2766990	3354664	3094908	1.2124	1.1185	yes
SRR14757222	PACBIO_SMRT	2766976	3287970	3027876	1.1883	1.0943	yes
SRR14757224	PACBIO_SMRT	2766976	3363690	3092999	1.2157	1.1178	yes
SRR14867659	PACBIO_SMRT	2206600	3094674	2526928	1.4025	1.1452	yes
SRR15032814	PACBIO_SMRT	2174189	2239572	2107697	1.0301	0.9694	yes
SRR15032816	PACBIO_SMRT	2234079	2277408	2166002	1.0194	0.9695	yes
SRR15032817	PACBIO_SMRT	2177032	2280143	2132458	1.0474	0.9795	yes
SRR15070654	PACBIO_SMRT	3838032	4799402	4630202	1.2505	1.2064	yes
SRR15070656	PACBIO_SMRT	3980134	4886438	4688118	1.2277	1.1779	yes
SRR15075397	PACBIO_SMRT	5021319	5982462	5708584	1.1914	1.1369	yes
SRR15075399	PACBIO_SMRT	2510261	2891118	2771136	1.1517	1.1039	yes
SRR15075400	PACBIO_SMRT	2881812	3362580	3214461	1.1668	1.1154	yes
SRR15075449	PACBIO_SMRT	5602625	6489618	6239589	1.1583	1.1137	yes
SRR15075454	PACBIO_SMRT	4915930	5766554	5549246	1.1730	1.1288	yes
SRR15075462	PACBIO_SMRT	4782529	5652788	5436187	1.1820	1.1367	yes
SRR15076203	PACBIO_SMRT	5281764	6150702	5924642	1.1645	1.1217	yes
SRR15076260	PACBIO_SMRT	4543156	5329824	5157279	1.1732	1.1352	yes
SRR15076386	PACBIO_SMRT	2019345	2473808	2416914	1.2251	1.1969	yes
SRR15076581	PACBIO_SMRT	4922539	6664164	6033582	1.3538	1.2257	yes
SRR15076584	PACBIO_SMRT	4539453	6346798	5774498	1.3981	1.2721	yes
SRR15076596	PACBIO_SMRT	4493834	7337684	6259998	1.6328	1.3930	yes
SRR15076597	PACBIO_SMRT	4346429	6453411	5677814	1.4848	1.3063	yes
SRR15076623	PACBIO_SMRT	4454045	6237210	5650423	1.4003	1.2686	yes
SRR15076625	PACBIO_SMRT	4614193	6302351	5763443	1.3659	1.2491	yes
SRR15076628	PACBIO_SMRT	4645825	6208738	5651554	1.3364	1.2165	yes
SRR15076629	PACBIO_SMRT	4518831	6168450	5660125	1.3651	1.2526	yes
SRR15076632	PACBIO_SMRT	4701520	6351579	5797819	1.3510	1.2332	yes
SRR15079688	PACBIO_SMRT	4819779	6647322	6024966	1.3792	1.2501	yes
SRR15079691	PACBIO_SMRT	4793224	6337463	5832423	1.3222	1.2168	yes
SRR15079693	PACBIO_SMRT	4844434	7062141	6266221	1.4578	1.2935	yes
SRR15079695	PACBIO_SMRT	4738672	6770597	6077458	1.4288	1.2825	yes
SRR15079697	PACBIO_SMRT	4377952	6766759	5812812	1.5456	1.3277	yes
SRR15079699	PACBIO_SMRT	4510294	6333809	5781650	1.4043	1.2819	yes
SRR15079701	PACBIO_SMRT	4588770	6000731	5563531	1.3077	1.2124	yes
SRR15139186	PACBIO_SMRT	5800740	7160908	6632935	1.2345	1.1435	yes
SRR15140980	PACBIO_SMRT	8538927	10471917	9627211	1.2264	1.1274	yes
SRR15171257	PACBIO_SMRT	6931886	8329258	7848750	1.2016	1.1323	yes
SRR15195250	PACBIO_SMRT	2311508	2416878	2275326	1.0456	0.9843	yes
SRR15244009	PACBIO_SMRT	4778271	6208574	5692427	1.2993	1.1913	yes
SRR15291770	PACBIO_SMRT	4944441	5282650	5027766	1.0684	1.0169	yes
SRR15291771	PACBIO_SMRT	4944083	5709016	5404575	1.1547	1.0931	yes
SRR15390434	PACBIO_SMRT	4791764	5132060	4742674	1.0710	0.9898	yes
SRR15390484	PACBIO_SMRT	5028051	5631414	4859359	1.1200	0.9664	yes
SRR15521836	PACBIO_SMRT	5374479	10466614	8696130	1.9475	1.6180	yes
SRR15521837	PACBIO_SMRT	6935738	11261577	9750509	1.6237	1.4058	yes
SRR15521842	PACBIO_SMRT	6352228	11458319	9838912	1.8038	1.5489	yes
SRR15521844	PACBIO_SMRT	6337561	11846063	10299989	1.8692	1.6252	yes
SRR15521845	PACBIO_SMRT	5307048	10053747	8636963	1.8944	1.6275	yes
SRR15530284	PACBIO_SMRT	6128315	11509618	8638936	1.8781	1.4097	yes
SRR15540408	PACBIO_SMRT	5608872	31328442	21593188	5.5855	3.8498	yes
SRR15540421	PACBIO_SMRT	5504345	20722658	15205997	3.7648	2.7625	yes
SRR15600651	PACBIO_SMRT	5620975	6661866	6016738	1.1852	1.0704	yes
SRR15616890	PACBIO_SMRT	8841474	15694518	11714052	1.7751	1.3249	yes
SRR15674694	PACBIO_SMRT	2098200	2720023	2472662	1.2964	1.1785	yes
SRR15683928	PACBIO_SMRT	7749151	9468954	8795666	1.2219	1.1350	yes
SRR15838435	PACBIO_SMRT	3604761	6398155	5437357	1.7749	1.5084	yes
SRR15871657	PACBIO_SMRT	4630138	6185186	5528500	1.3359	1.1940	yes
SRR15959708	PACBIO_SMRT	8262828	11312563	10260519	1.3691	1.2418	yes
SRR16016662	PACBIO_SMRT	9696490	13572931	11043733	1.3998	1.1389	yes
SRR16027114	OXFORD_NANOPORE	6596445	7212734	7334210	1.0934	1.1118	yes
SRR16089729	PACBIO_SMRT	2747362	3763576	3225964	1.3699	1.1742	yes
SRR16089745	PACBIO_SMRT	2891282	3175690	2919906	1.0984	1.0099	yes
SRR16089767	PACBIO_SMRT	2795270	4521468	3562568	1.6175	1.2745	yes
SRR16089769	PACBIO_SMRT	2807142	3141671	2886619	1.1192	1.0283	yes
SRR16089773	PACBIO_SMRT	2793634	3263432	2967957	1.1682	1.0624	yes
SRR16089781	PACBIO_SMRT	2814864	3104466	2906576	1.1029	1.0326	yes
SRR16089785	PACBIO_SMRT	2808924	3212936	2966087	1.1438	1.0560	yes
SRR16089787	PACBIO_SMRT	2792354	3050130	2802172	1.0923	1.0035	yes
SRR16089789	PACBIO_SMRT	2792354	3139505	2911206	1.1243	1.0426	yes
SRR16089793	PACBIO_SMRT	2866983	3031813	2805112	1.0575	0.9784	yes
SRR16089794	PACBIO_SMRT	2866983	3376487	3074421	1.1777	1.0724	yes
SRR16089807	PACBIO_SMRT	2800686	3107328	2853802	1.1095	1.0190	yes
SRR16093181	PACBIO_SMRT	5234516	6231368	5840346	1.1904	1.1157	yes
SRR16093182	PACBIO_SMRT	5234513	6201626	5799968	1.1848	1.1080	yes
SRR16093183	PACBIO_SMRT	5234480	6258818	5829937	1.1957	1.1138	yes
SRR16178825	PACBIO_SMRT	3919248	5172258	4750024	1.3197	1.2120	yes
SRR16249240	PACBIO_SMRT	6930499	11711921	9803128	1.6899	1.4145	yes
SRR16249248	PACBIO_SMRT	5071999	6720461	6171732	1.3250	1.2168	yes
SRR16249284	PACBIO_SMRT	3484743	4123867	3836020	1.1834	1.1008	yes
SRR16249301	PACBIO_SMRT	4375351	5348222	5036443	1.2224	1.1511	yes
SRR16249313	PACBIO_SMRT	2582814	3036986	2850365	1.1758	1.1036	yes
SRR16249315	PACBIO_SMRT	2561893	3031039	2871362	1.1831	1.1208	yes
SRR16249366	PACBIO_SMRT	2677377	3492556	3240033	1.3045	1.2102	yes
SRR16249368	PACBIO_SMRT	2881836	4063526	3709202	1.4100	1.2871	yes
SRR16251405	PACBIO_SMRT	4645928	5757076	5375257	1.2392	1.1570	yes
SRR16251406	PACBIO_SMRT	1928240	2551148	2398093	1.3230	1.2437	yes
SRR16251409	PACBIO_SMRT	1760933	2206114	2093853	1.2528	1.1891	yes
SRR16251423	PACBIO_SMRT	5162579	6585205	6111652	1.2756	1.1838	yes
SRR16251444	PACBIO_SMRT	4416959	5961363	5553170	1.3497	1.2572	yes
SRR16259016	PACBIO_SMRT	1946727	2294435	2182928	1.1786	1.1213	yes
SRR16259204	PACBIO_SMRT	6195642	7572768	7080921	1.2223	1.1429	yes
SRR16259360	PACBIO_SMRT	1934868	2275286	2181359	1.1759	1.1274	yes
SRR16259583	PACBIO_SMRT	1832872	2213286	2108241	1.2076	1.1502	yes
SRR16259731	PACBIO_SMRT	2615469	3227190	3060082	1.2339	1.1700	yes
SRR16263410	PACBIO_SMRT	5307108	6839339	6401784	1.2887	1.2063	yes
SRR16263412	PACBIO_SMRT	1965420	2424469	2305173	1.2336	1.1729	yes
SRR16263435	PACBIO_SMRT	3409142	3928520	3794673	1.1523	1.1131	yes
SRR16308509	PACBIO_SMRT	6811662	14720648	10340563	2.1611	1.5181	yes
SRR16494726	PACBIO_SMRT	2533318	2973079	2804764	1.1736	1.1072	yes
SRR16494727	PACBIO_SMRT	2534678	3100776	2930201	1.2233	1.1560	yes
SRR16494730	PACBIO_SMRT	2532287	2922246	2754914	1.1540	1.0879	yes
SRR16631313	PACBIO_SMRT	4966657	599649	632783	0.1207	0.1274	yes
SRR16676985	PACBIO_SMRT	7720745	9289130	8247160	1.2031	1.0682	yes
SRR16676988	PACBIO_SMRT	7796014	9625704	8411398	1.2347	1.0789	yes
SRR16767125	PACBIO_SMRT	4963479	833893	882453	0.1680	0.1778	yes
SRR16805543	PACBIO_SMRT	9161304	10406976	9739893	1.1360	1.0632	yes
SRR16950002	PACBIO_SMRT	6219103	7671168	7013880	1.2335	1.1278	yes
SRR16950003	PACBIO_SMRT	6130790	7462586	6840047	1.2172	1.1157	yes
SRR16950004	PACBIO_SMRT	6788027	8380572	7462473	1.2346	1.0994	yes
SRR16950006	PACBIO_SMRT	6448716	8278077	7013894	1.2837	1.0876	yes
SRR16950007	PACBIO_SMRT	6774308	8440452	7545304	1.2460	1.1138	yes
SRR16950008	PACBIO_SMRT	6855336	8836865	7714392	1.2890	1.1253	yes
SRR16950009	PACBIO_SMRT	7123501	8887396	7389362	1.2476	1.0373	yes
SRR16962373	PACBIO_SMRT	5827164	7251908	6600101	1.2445	1.1326	yes
SRR16962374	PACBIO_SMRT	6494068	7966705	7174564	1.2268	1.1048	yes
SRR16962375	PACBIO_SMRT	6468924	7560488	6979835	1.1687	1.0790	yes
SRR16962376	PACBIO_SMRT	6413006	7824842	7135858	1.2202	1.1127	yes
SRR16962377	PACBIO_SMRT	6550594	8167964	7362394	1.2469	1.1239	yes
SRR16962378	PACBIO_SMRT	6784155	8644358	7705842	1.2742	1.1359	yes
SRR16962380	PACBIO_SMRT	6046332	7563065	6855270	1.2509	1.1338	yes
SRR16962382	PACBIO_SMRT	5714883	8998723	7509461	1.5746	1.3140	yes
SRR16962383	PACBIO_SMRT	5931766	7898954	7102616	1.3316	1.1974	yes
SRR16962385	PACBIO_SMRT	6591181	8342041	7526352	1.2656	1.1419	yes
SRR16962387	PACBIO_SMRT	5727781	7456292	6750895	1.3018	1.1786	yes
SRR16962389	PACBIO_SMRT	5578888	7532550	6452743	1.3502	1.1566	yes
SRR16962390	PACBIO_SMRT	6414521	8041005	6906022	1.2536	1.0766	yes
SRR16962391	PACBIO_SMRT	6753303	8844054	7774299	1.3096	1.1512	yes
SRR16962393	PACBIO_SMRT	5665049	7333842	6299433	1.2946	1.1120	yes
SRR16962394	PACBIO_SMRT	5858994	7179870	6344329	1.2254	1.0828	yes
SRR16962395	PACBIO_SMRT	5917749	6758622	6201880	1.1421	1.0480	yes
SRR16962396	PACBIO_SMRT	5935759	7263849	6598844	1.2237	1.1117	yes
SRR16962397	PACBIO_SMRT	5975010	7125133	6540702	1.1925	1.0947	yes
SRR16962400	PACBIO_SMRT	6493931	7667179	6916728	1.1807	1.0651	yes
SRR16962406	PACBIO_SMRT	5874598	6941712	6311278	1.1816	1.0743	yes
SRR16962407	PACBIO_SMRT	6472652	8186542	7365124	1.2648	1.1379	yes
SRR16962408	PACBIO_SMRT	5897256	7461990	6515406	1.2653	1.1048	yes
SRR16972384	PACBIO_SMRT	1853687	3044531	2674194	1.6424	1.4426	yes
SRR17000714	PACBIO_SMRT	6984675	13075043	11554419	1.8720	1.6543	yes
SRR17115571	PACBIO_SMRT	1974909	2487144	2373928	1.2594	1.2020	yes
SRR17117120	PACBIO_SMRT	2281730	2795896	2665389	1.2253	1.1681	yes
SRR17117122	PACBIO_SMRT	2571801	3105024	2973415	1.2073	1.1562	yes
SRR17117123	PACBIO_SMRT	2713235	3376120	3212675	1.2443	1.1841	yes
SRR17117164	PACBIO_SMRT	2463627	2917402	2762932	1.1842	1.1215	yes
SRR17117182	PACBIO_SMRT	1984762	2294543	2153374	1.1561	1.0850	yes
SRR17118586	PACBIO_SMRT	4812066	5429646	5230492	1.1283	1.0870	yes
SRR17118588	PACBIO_SMRT	3168227	3698645	3527019	1.1674	1.1132	yes
SRR17119282	PACBIO_SMRT	5090549	6154936	5816422	1.2091	1.1426	yes
SRR17122010	PACBIO_SMRT	5575661	6784572	6411208	1.2168	1.1499	yes
SRR17124527	PACBIO_SMRT	6127734	7478470	7017900	1.2204	1.1453	yes
SRR17124529	PACBIO_SMRT	6453872	8058445	7550500	1.2486	1.1699	yes
SRR17124558	PACBIO_SMRT	6455194	7542905	7244210	1.1685	1.1222	yes
SRR17126946	PACBIO_SMRT	2333188	2994849	2853470	1.2836	1.2230	yes
SRR17126948	PACBIO_SMRT	2460750	3090996	2934026	1.2561	1.1923	yes
SRR17133875	PACBIO_SMRT	4766157	5884752	5710526	1.2347	1.1981	yes
SRR17188519	PACBIO_SMRT	4929712	967101	944904	0.1962	0.1917	yes
SRR17234886	PACBIO_SMRT	4397821	17702168	10662396	4.0252	2.4245	yes
SRR17234888	PACBIO_SMRT	4420979	16797022	10407967	3.7994	2.3542	yes
SRR17234894	PACBIO_SMRT	4407304	18966648	11627266	4.3035	2.6382	yes
SRR17234895	PACBIO_SMRT	4431508	25546350	13915180	5.7647	3.1401	yes
SRR17234896	PACBIO_SMRT	4421169	20751004	11294832	4.6936	2.5547	yes
SRR17234900	PACBIO_SMRT	4406184	17502420	9982866	3.9722	2.2656	yes
SRR17234903	PACBIO_SMRT	4416715	22445430	12939771	5.0819	2.9297	yes
SRR17284493	PACBIO_SMRT	4159450	7482585	6081852	1.7989	1.4622	yes
SRR17284691	PACBIO_SMRT	4421981	7800159	6375658	1.7640	1.4418	yes
SRR17390676	PACBIO_SMRT	5261336	5714047	5205922	1.0860	0.9895	yes
SRR17665523	PACBIO_SMRT	5478817	6057124	5903480	1.1056	1.0775	yes
SRR17782760	PACBIO_SMRT	11474152	17252556	15380004	1.5036	1.3404	yes
SRR17841630	PACBIO_SMRT	3625784	4576198	4174014	1.2621	1.1512	yes
SRR17853485	PACBIO_SMRT	5478817	6057124	5903480	1.1056	1.0775	yes
SRR17873538	PACBIO_SMRT	3126090	4698210	4179446	1.5029	1.3370	yes
SRR18010266	PACBIO_SMRT	5892443	6420978	6026047	1.0897	1.0227	yes
SRR18120112	PACBIO_SMRT	4656683	6129060	5307153	1.3162	1.1397	yes
SRR18206676	PACBIO_SMRT	4708077	7210005	6234630	1.5314	1.3242	yes
SRR18206677	PACBIO_SMRT	4661643	7562234	6404584	1.6222	1.3739	yes
SRR18299176	PACBIO_SMRT	6349913	8039863	7584086	1.2661	1.1944	yes
SRR18299177	PACBIO_SMRT	6664435	8330744	7850032	1.2500	1.1779	yes
SRR18299183	PACBIO_SMRT	6720071	8544225	8011530	1.2714	1.1922	yes
SRR18299185	PACBIO_SMRT	6892247	8791420	8337273	1.2756	1.2097	yes
SRR18299186	PACBIO_SMRT	6511042	8431708	7918981	1.2950	1.2162	yes
SRR18299189	PACBIO_SMRT	6974398	8899389	8342446	1.2760	1.1962	yes
SRR18299192	PACBIO_SMRT	7009041	8901344	8370603	1.2700	1.1943	yes
SRR18371756	PACBIO_SMRT	1876737	2264756	2096870	1.2068	1.1173	yes
SRR18425953	PACBIO_SMRT	5850727	6900116	6564640	1.1794	1.1220	yes
SRR18476736	PACBIO_SMRT	6970036	12015038	9982884	1.7238	1.4323	yes
SRR18560242	OXFORD_NANOPORE	2418866	2304203	2345985	0.9526	0.9699	yes
SRR18904150	PACBIO_SMRT	1848461	2074387	1977326	1.1222	1.0697	yes
SRR18904155	PACBIO_SMRT	1873403	2035381	1917172	1.0865	1.0234	yes
SRR18918020	PACBIO_SMRT	3878974	9963451	6974212	2.5686	1.7980	yes
SRR19160253	PACBIO_SMRT	3197704	3671017	3436535	1.1480	1.0747	yes
SRR19205248	PACBIO_SMRT	8435845	14441844	12876676	1.7120	1.5264	yes
SRR19519852	PACBIO_SMRT	2682232	2950460	2902448	1.1000	1.0821	yes
SRR19519855	PACBIO_SMRT	2722604	3111846	3053270	1.1430	1.1215	yes
SRR19519856	PACBIO_SMRT	2568159	2937739	2793839	1.1439	1.0879	yes
SRR19519859	PACBIO_SMRT	2560239	2874101	2809094	1.1226	1.0972	yes
SRR19519874	PACBIO_SMRT	2854929	3289729	3204844	1.1523	1.1226	yes
SRR19519875	PACBIO_SMRT	2855157	3260342	3185088	1.1419	1.1156	yes
SRR19519886	PACBIO_SMRT	2815114	3056968	2954908	1.0859	1.0497	yes
SRR19519887	PACBIO_SMRT	2714075	3116600	3047224	1.1483	1.1227	yes
SRR19519889	PACBIO_SMRT	2818719	3143625	3074215	1.1153	1.0906	yes
SRR19519893	PACBIO_SMRT	2751027	3051649	2989722	1.1093	1.0868	yes
SRR19519894	PACBIO_SMRT	2682239	3142127	3073749	1.1715	1.1460	yes
SRR19519903	PACBIO_SMRT	2552216	2862465	2712848	1.1216	1.0629	yes
SRR19519904	PACBIO_SMRT	2664378	3020377	2959422	1.1336	1.1107	yes
SRR19519905	PACBIO_SMRT	2789553	3107230	3017510	1.1139	1.0817	yes
SRR19519906	PACBIO_SMRT	2639354	3055560	2983330	1.1577	1.1303	yes
SRR19519907	PACBIO_SMRT	2700284	2975864	2904651	1.1021	1.0757	yes
SRR19519908	PACBIO_SMRT	2793276	3107118	3020048	1.1124	1.0812	yes
SRR19519909	PACBIO_SMRT	2616750	2983468	2839127	1.1401	1.0850	yes
SRR19519924	PACBIO_SMRT	2768007	3077832	3019458	1.1119	1.0908	yes
SRR19519925	PACBIO_SMRT	2828586	3123778	3049088	1.1044	1.0780	yes
SRR19519933	PACBIO_SMRT	2706864	3027009	2958630	1.1183	1.0930	yes
SRR19519935	PACBIO_SMRT	2432232	2782736	2725176	1.1441	1.1204	yes
SRR19519936	PACBIO_SMRT	2481135	2741070	2680260	1.1048	1.0803	yes
SRR19519939	PACBIO_SMRT	2462679	2754216	2711431	1.1184	1.1010	yes
SRR19519940	PACBIO_SMRT	2488720	2770445	2722221	1.1132	1.0938	yes
SRR19570818	PACBIO_SMRT	6383989	7123328	6592386	1.1158	1.0326	yes
SRR19572345	PACBIO_SMRT	3390424	4045953	3934834	1.1933	1.1606	yes
SRR19646378	PACBIO_SMRT	5969148	5748673	5824842	0.9631	0.9758	yes
SRR19646389	PACBIO_SMRT	5915411	5674398	5761998	0.9593	0.9741	yes
SRR19646390	PACBIO_SMRT	5918345	5744351	5801754	0.9706	0.9803	yes
SRR19646391	PACBIO_SMRT	5986784	5762413	5831928	0.9625	0.9741	yes
SRR19646392	PACBIO_SMRT	5988833	5715036	5788623	0.9543	0.9666	yes
SRR19646394	PACBIO_SMRT	6005098	5853343	5906720	0.9747	0.9836	yes
SRR19646395	PACBIO_SMRT	9120800	8441906	8575355	0.9256	0.9402	yes
SRR19646396	PACBIO_SMRT	9122278	8459458	8556824	0.9273	0.9380	yes
SRR19807560	PACBIO_SMRT	4450115	10811248	7490017	2.4294	1.6831	yes
SRR19820506	OXFORD_NANOPORE	6859859	7039354	7111788	1.0262	1.0367	yes
SRR19880591	PACBIO_SMRT	3030719	3706494	3442088	1.2230	1.1357	yes
SRR20280882	PACBIO_SMRT	2501534	2971064	2766171	1.1877	1.1058	yes
SRR20280883	PACBIO_SMRT	2419744	2978311	2744718	1.2308	1.1343	yes
SRR20280884	PACBIO_SMRT	2755930	3309932	3061166	1.2010	1.1108	yes
SRR20280886	PACBIO_SMRT	2420532	3363667	3039518	1.3896	1.2557	yes
SRR20280887	PACBIO_SMRT	2679563	3209313	3076537	1.1977	1.1481	yes
SRR20280888	PACBIO_SMRT	2749212	3268876	3111449	1.1890	1.1318	yes
SRR20280891	PACBIO_SMRT	2205122	4306867	3134820	1.9531	1.4216	yes
SRR20280894	PACBIO_SMRT	2492712	3090232	2853595	1.2397	1.1448	yes
SRR20461782	OXFORD_NANOPORE	8820026	12611570	14034648	1.4299	1.5912	yes
SRR20746747	PACBIO_SMRT	3303475	3811733	3672234	1.1539	1.1116	yes
SRR20907454	PACBIO_SMRT	5153871	9846842	7469256	1.9106	1.4493	yes
SRR20950142	PACBIO_SMRT	4963702	6418160	5628620	1.2930	1.1340	yes
SRR21079302	PACBIO_SMRT	2781669	3389182	3163542	1.2184	1.1373	yes
SRR21079304	PACBIO_SMRT	6515978	8916095	8119962	1.3683	1.2462	yes
SRR21131590	PACBIO_SMRT	2040580	2613799	2401181	1.2809	1.1767	yes
SRR21133403	PACBIO_SMRT	4980142	6663734	6106044	1.3381	1.2261	yes
SRR21133406	PACBIO_SMRT	6163560	7860260	7243410	1.2753	1.1752	yes
SRR21133407	PACBIO_SMRT	3936223	4988024	4589830	1.2672	1.1660	yes
SRR21166831	PACBIO_SMRT	2171060	2388677	2260822	1.1002	1.0413	yes
SRR21276823	PACBIO_SMRT	1935434	2325130	2210702	1.2013	1.1422	yes
SRR21285060	PACBIO_SMRT	4980142	6664145	6061242	1.3381	1.2171	yes
SRR21285063	PACBIO_SMRT	6163560	7851905	7258130	1.2739	1.1776	yes
SRR21285064	PACBIO_SMRT	3936223	4982200	4561739	1.2657	1.1589	yes
SRR21295163	PACBIO_SMRT	5535488	5331219	5387932	0.9631	0.9733	yes
SRR2132330	PACBIO_SMRT	4300706	6355750	5354734	1.4778	1.2451	yes
SRR21415892	OXFORD_NANOPORE	7145828	7396846	7484522	1.0351	1.0474	yes
SRR21430004	PACBIO_SMRT	2595287	2574818	2577460	0.9921	0.9931	yes
SRR21563152	PACBIO_SMRT	3988920	4732450	4362302	1.1864	1.0936	yes
SRR21563425	OXFORD_NANOPORE	8565674	8664594	8920582	1.0115	1.0414	yes
SRR21601282	PACBIO_SMRT	6249144	7883933	7354055	1.2616	1.1768	yes
SRR21630304	OXFORD_NANOPORE	8961255	8912814	8999110	0.9946	1.0042	yes
SRR2163058	PACBIO_SMRT	4300706	6355750	5354734	1.4778	1.2451	yes
SRR21643318	PACBIO_SMRT	3509359	4200834	3862139	1.1970	1.1005	yes
SRR21672106	PACBIO_SMRT	3046103	4416779	3727594	1.4500	1.2237	yes
SRR21696395	OXFORD_NANOPORE	8361142	9568033	9743068	1.1443	1.1653	yes
SRR21731845	PACBIO_SMRT	2159127	3358450	2924860	1.5555	1.3546	yes
SRR21793358	PACBIO_SMRT	4842577	5641013	5381593	1.1649	1.1113	yes
SRR22007585	PACBIO_SMRT	6685457	8804835	8137489	1.3170	1.2172	yes
SRR22007588	PACBIO_SMRT	4261730	5442825	5098312	1.2771	1.1963	yes
SRR22077206	PACBIO_SMRT	4035016	3838839	3851110	0.9514	0.9544	yes
SRR22094550	PACBIO_SMRT	5156952	5894371	5534014	1.1430	1.0731	yes
SRR22094552	PACBIO_SMRT	5154616	5871068	5458076	1.1390	1.0589	yes
SRR22094554	PACBIO_SMRT	5161803	5821384	5413904	1.1278	1.0488	yes
SRR22094555	PACBIO_SMRT	5214828	6037608	5568471	1.1578	1.0678	yes
SRR22253723	PACBIO_SMRT	3937483	4395866	4331365	1.1164	1.1000	yes
SRR22253726	PACBIO_SMRT	3750381	4294081	4177501	1.1450	1.1139	yes
SRR22253727	PACBIO_SMRT	3749418	4269824	4166551	1.1388	1.1113	yes
SRR22253728	PACBIO_SMRT	3750940	4340505	4197117	1.1572	1.1190	yes
SRR22272752	PACBIO_SMRT	8211675	13262419	10614232	1.6151	1.2926	yes
SRR22381796	PACBIO_SMRT	6179084	8751944	7914925	1.4164	1.2809	yes
SRR22381797	PACBIO_SMRT	6003144	8585968	7772862	1.4302	1.2948	yes
SRR22574257	OXFORD_NANOPORE	4525097	4579219	4716637	1.0120	1.0423	yes
SRR22805145	PACBIO_SMRT	5010245	6421131	5968237	1.2816	1.1912	yes
SRR22805297	PACBIO_SMRT	4289989	5392812	5026034	1.2571	1.1716	yes
SRR22809568	PACBIO_SMRT	3195259	3182570	3191966	0.9960	0.9990	yes
SRR22840785	PACBIO_SMRT	4574989	5344266	4923191	1.1681	1.0761	yes
SRR22876607	PACBIO_SMRT	3166259	4990614	4457604	1.5762	1.4078	yes
SRR22876612	PACBIO_SMRT	4006378	6754968	5927578	1.6861	1.4795	yes
SRR22984656	PACBIO_SMRT	4766362	5987052	5479600	1.2561	1.1496	yes
SRR23086700	PACBIO_SMRT	3694481	4762429	4453811	1.2891	1.2055	yes
SRR23095539	PACBIO_SMRT	5162213	4899798	4934636	0.9492	0.9559	yes
SRR23518000	PACBIO_SMRT	2161891	2766108	2522131	1.2795	1.1666	yes
SRR23518001	PACBIO_SMRT	2161891	3494782	2873080	1.6165	1.3290	yes
SRR23525315	PACBIO_SMRT	2133007	1952403	1950058	0.9153	0.9142	yes
SRR23525317	PACBIO_SMRT	2055713	2002752	2007100	0.9742	0.9764	yes
SRR23538270	PACBIO_SMRT	3305635	4267798	3987299	1.2911	1.2062	yes
SRR23562243	PACBIO_SMRT	5189876	7101662	6453290	1.3684	1.2434	yes
SRR23562248	PACBIO_SMRT	5075259	6889088	6297882	1.3574	1.2409	yes
SRR23636845	PACBIO_SMRT	3477232	4200819	4102317	1.2081	1.1798	yes
SRR23692898	PACBIO_SMRT	4891911	6015276	5699726	1.2296	1.1651	yes
SRR23697208	PACBIO_SMRT	3662325	3528780	3530840	0.9635	0.9641	yes
SRR23852394	PACBIO_SMRT	2679003	3230420	3076009	1.2058	1.1482	yes
SRR23891542	PACBIO_SMRT	4139584	6102486	5617514	1.4742	1.3570	yes
SRR23952291	PACBIO_SMRT	4310851	4103944	4170926	0.9520	0.9675	yes
SRR23952319	PACBIO_SMRT	6157393	5956956	5985386	0.9674	0.9721	yes
SRR24003359	PACBIO_SMRT	5041798	10757793	7989753	2.1337	1.5847	yes
SRR24105536	PACBIO_SMRT	1257910	1951579	1711394	1.5514	1.3605	yes
SRR24105538	PACBIO_SMRT	1269677	2067674	1788311	1.6285	1.4085	yes
SRR24105540	PACBIO_SMRT	1257745	2035018	1758880	1.6180	1.3984	yes
SRR24332397	PACBIO_SMRT	2223139	2325501	2205682	1.0460	0.9921	yes
SRR24356093	PACBIO_SMRT	7477410	10477430	8513749	1.4012	1.1386	yes
SRR24363119	PACBIO_SMRT	9677243	23206612	15655100	2.3981	1.6177	yes
SRR24363120	PACBIO_SMRT	9993776	21760808	14962165	2.1774	1.4971	yes
SRR24363422	PACBIO_SMRT	9706274	20579690	15362684	2.1202	1.5828	yes
SRR24498229	PACBIO_SMRT	3573060	3553975	3565418	0.9947	0.9979	yes
SRR24565792	OXFORD_NANOPORE	5979293	5812677	5853120	0.9721	0.9789	yes
SRR24633660	PACBIO_SMRT	3603828	4114351	3972537	1.1417	1.1023	yes
SRR24653076	PACBIO_SMRT	5690110	5557341	5600393	0.9767	0.9842	yes
SRR24831249	PACBIO_SMRT	3020766	3451290	3299752	1.1425	1.0924	yes
SRR25013904	PACBIO_SMRT	5938675	6955084	6537180	1.1712	1.1008	yes
SRR25041725	PACBIO_SMRT	9547725	12322487	11076604	1.2906	1.1601	yes
SRR25113362	PACBIO_SMRT	1928284	2228788	2091634	1.1558	1.0847	yes
SRR25120112	PACBIO_SMRT	2833095	3952047	3600833	1.3950	1.2710	yes
SRR25366715	PACBIO_SMRT	10672615	12391969	11429721	1.1611	1.0709	yes
SRR25775191	PACBIO_SMRT	4123266	4619530	4477082	1.1204	1.0858	yes
SRR25775193	PACBIO_SMRT	4120375	4659961	4516586	1.1310	1.0962	yes
SRR25775195	PACBIO_SMRT	4104154	4520724	4352994	1.1015	1.0606	yes
SRR25835575	PACBIO_SMRT	5880490	7240888	6768916	1.2313	1.1511	yes
SRR25916648	PACBIO_SMRT	2128578	2063168	2061605	0.9693	0.9685	yes
SRR26205285	PACBIO_SMRT	4147684	6798244	6017651	1.6390	1.4508	yes
SRR26302840	PACBIO_SMRT	2148242	1843555	1836021	0.8582	0.8547	yes
SRR26302841	PACBIO_SMRT	1991561	1877442	1905095	0.9427	0.9566	yes
SRR26305320	OXFORD_NANOPORE	6270416	6796867	7068096	1.0840	1.1272	yes
SRR26305322	PACBIO_SMRT	6274395	8125135	7373388	1.2950	1.1752	yes
SRR26305326	PACBIO_SMRT	6275358	8266820	7445338	1.3173	1.1864	yes
SRR26364401	PACBIO_SMRT	6921156	6552886	6649630	0.9468	0.9608	yes
SRR26382609	PACBIO_SMRT	7402177	6680039	6956096	0.9024	0.9397	yes
SRR26435097	PACBIO_SMRT	4123266	4687844	4545510	1.1369	1.1024	yes
SRR26435099	PACBIO_SMRT	4120375	4640832	4490276	1.1263	1.0898	yes
SRR26435101	PACBIO_SMRT	4104154	4557632	4398136	1.1105	1.0716	yes
SRR26473444	PACBIO_SMRT	4215606	7007502	6249193	1.6623	1.4824	yes
SRR26794288	PACBIO_SMRT	5060308	6788958	6264331	1.3416	1.2379	yes
SRR26795840	PACBIO_SMRT	4834098	6109786	5744261	1.2639	1.1883	yes
SRR26804258	PACBIO_SMRT	6534616	8349642	7981266	1.2778	1.2214	yes
SRR26937449	PACBIO_SMRT	4057055	3986390	4045322	0.9826	0.9971	yes
SRR26961105	PACBIO_SMRT	7111297	6856271	6905496	0.9641	0.9711	yes
SRR26961106	PACBIO_SMRT	7552305	7345474	7389593	0.9726	0.9785	yes
SRR27033692	PACBIO_SMRT	3484100	3263186	3297590	0.9366	0.9465	yes
SRR27033702	PACBIO_SMRT	7316924	5835254	6045012	0.7975	0.8262	yes
SRR27033706	PACBIO_SMRT	2187333	2107456	2108268	0.9635	0.9639	yes
SRR27033711	PACBIO_SMRT	6711709	6144815	6269459	0.9155	0.9341	yes
SRR27033717	PACBIO_SMRT	3721798	3695366	3710953	0.9929	0.9971	yes
SRR27033720	PACBIO_SMRT	6589281	6343050	6395510	0.9626	0.9706	yes
SRR27272519	PACBIO_SMRT	1841219	4763480	3681962	2.5871	1.9997	yes
SRR27467497	PACBIO_SMRT	2677288	3040197	2947816	1.1356	1.1010	yes
SRR27467500	PACBIO_SMRT	2763307	3221040	3138972	1.1656	1.1359	yes
SRR27467501	PACBIO_SMRT	2763294	3200090	3121272	1.1581	1.1295	yes
SRR27467502	PACBIO_SMRT	2628153	2998922	2930909	1.1411	1.1152	yes
SRR27467503	PACBIO_SMRT	2758816	3164355	3087356	1.1470	1.1191	yes
SRR27467504	PACBIO_SMRT	2763341	3204516	3121780	1.1597	1.1297	yes
SRR27467505	PACBIO_SMRT	2763289	3181346	3102480	1.1513	1.1227	yes
SRR27467508	PACBIO_SMRT	2758838	3231430	3144123	1.1713	1.1397	yes
SRR27467509	PACBIO_SMRT	2758839	3177982	3100072	1.1519	1.1237	yes
SRR27467511	PACBIO_SMRT	2614675	3067981	2967952	1.1734	1.1351	yes
SRR27467529	PACBIO_SMRT	2708221	3113737	3045102	1.1497	1.1244	yes
SRR27467545	PACBIO_SMRT	2577173	2993108	2923277	1.1614	1.1343	yes
SRR27467549	PACBIO_SMRT	2559690	2932740	2851932	1.1457	1.1142	yes
SRR27467552	PACBIO_SMRT	2647634	2997765	2919568	1.1322	1.1027	yes
SRR27467554	PACBIO_SMRT	2556042	2916948	2835138	1.1412	1.1092	yes
SRR27467576	PACBIO_SMRT	2745352	3125623	3058208	1.1385	1.1140	yes
SRR27467579	PACBIO_SMRT	2688131	3078641	2997526	1.1453	1.1151	yes
SRR27467584	PACBIO_SMRT	2556042	2894788	2822985	1.1325	1.1044	yes
SRR27467586	PACBIO_SMRT	2556042	2918956	2837113	1.1420	1.1100	yes
SRR27558654	PACBIO_SMRT	4027436	4751030	4482311	1.1797	1.1129	yes
SRR27561248	OXFORD_NANOPORE	2611460	2889402	2948809	1.1064	1.1292	yes
SRR27638605	PACBIO_SMRT	3333066	3182542	3205858	0.9548	0.9618	yes
SRR27695013	PACBIO_SMRT	4932464	5602922	5321580	1.1359	1.0789	yes
SRR27704963	PACBIO_SMRT	5130088	5835423	5532956	1.1375	1.0785	yes
SRR27704964	PACBIO_SMRT	4885829	5624988	5360042	1.1513	1.0971	yes
SRR27704967	PACBIO_SMRT	5029763	5697914	5373863	1.1328	1.0684	yes
SRR27726272	PACBIO_SMRT	4862388	4041985	4092410	0.8313	0.8416	yes
SRR27956926	PACBIO_SMRT	2044475	2158556	1734404	1.0558	0.8483	yes
SRR28019343	PACBIO_SMRT	5503431	6473077	6289332	1.1762	1.1428	yes
SRR28037804	PACBIO_SMRT	5408050	6359724	6211391	1.1760	1.1485	yes
SRR28037811	PACBIO_SMRT	1991976	3218418	2673110	1.6157	1.3419	yes
SRR28129708	PACBIO_SMRT	1629078	1583318	1583825	0.9719	0.9722	yes
SRR28257190	PACBIO_SMRT	6275045	8256206	7485976	1.3157	1.1930	yes
SRR28257202	PACBIO_SMRT	4648175	7991934	6665355	1.7194	1.4340	yes
SRR28257217	PACBIO_SMRT	4299551	5263435	4906206	1.2242	1.1411	yes
SRR28257223	PACBIO_SMRT	4298779	5183420	4831842	1.2058	1.1240	yes
SRR28257226	PACBIO_SMRT	4299489	5133774	4810369	1.1940	1.1188	yes
SRR28257243	PACBIO_SMRT	4638994	7574970	6566071	1.6329	1.4154	yes
SRR28257247	PACBIO_SMRT	4645241	5729791	5301844	1.2335	1.1413	yes
SRR28257255	PACBIO_SMRT	4295479	5252110	4896290	1.2227	1.1399	yes
SRR28518279	PACBIO_SMRT	5165709	7750495	6389680	1.5004	1.2369	yes
SRR28552087	PACBIO_SMRT	6001468	7548502	7014126	1.2578	1.1687	yes
SRR28558243	PACBIO_SMRT	5169345	5117330	5133513	0.9899	0.9931	yes
SRR28576149	PACBIO_SMRT	4089687	3876950	3891430	0.9480	0.9515	yes
SRR28579936	PACBIO_SMRT	5231883	6549363	6021496	1.2518	1.1509	yes
SRR28580445	PACBIO_SMRT	6727739	6421222	6482894	0.9544	0.9636	yes
SRR28595544	PACBIO_SMRT	3159857	3001038	2987852	0.9497	0.9456	yes
SRR28679068	PACBIO_SMRT	5286002	5076630	5127313	0.9604	0.9700	yes
SRR28720844	PACBIO_SMRT	3930924	5235243	4841592	1.3318	1.2317	yes
SRR28730575	PACBIO_SMRT	4639068	5821550	5353688	1.2549	1.1540	yes
SRR28779488	PACBIO_SMRT	5712762	6755562	6299550	1.1825	1.1027	yes
SRR28781548	PACBIO_SMRT	2206681	2453149	2344950	1.1117	1.0627	yes
SRR28781557	PACBIO_SMRT	2095224	2307444	2220272	1.1013	1.0597	yes
SRR28781560	PACBIO_SMRT	2185927	2481231	2370205	1.1351	1.0843	yes
SRR28785304	PACBIO_SMRT	9114050	7815160	8115533	0.8575	0.8904	yes
SRR28875596	PACBIO_SMRT	3853966	3713970	3726206	0.9637	0.9668	yes
SRR29131298	PACBIO_SMRT	4224675	5123190	4781206	1.2127	1.1317	yes
SRR29131303	PACBIO_SMRT	6274003	8128625	7371210	1.2956	1.1749	yes
SRR29131306	PACBIO_SMRT	6275199	8023438	7314543	1.2786	1.1656	yes
SRR29131317	PACBIO_SMRT	6275453	8637607	7847325	1.3764	1.2505	yes
SRR29131322	PACBIO_SMRT	4227051	7709133	6814018	1.8238	1.6120	yes
SRR2924715	PACBIO_SMRT	4639914	6581050	5681062	1.4184	1.2244	yes
SRR2925029	PACBIO_SMRT	4089027	6382525	5227876	1.5609	1.2785	yes
SRR29360624	PACBIO_SMRT	3265637	3791736	3538431	1.1611	1.0835	yes
SRR29500127	PACBIO_SMRT	2265305	2188311	2195244	0.9660	0.9691	yes
SRR29504274	PACBIO_SMRT	2265305	2130902	2136408	0.9407	0.9431	yes
SRR29506353	PACBIO_SMRT	2291622	2247666	2246690	0.9808	0.9804	yes
SRR29516548	OXFORD_NANOPORE	6365678	6271494	6338604	0.9852	0.9957	yes
SRR29525484	PACBIO_SMRT	2282939	2277292	2277416	0.9975	0.9976	yes
SRR29533363	PACBIO_SMRT	2289796	2271988	2272384	0.9922	0.9924	yes
SRR29553744	PACBIO_SMRT	2216970	2231892	2232012	1.0067	1.0068	yes
SRR29553879	PACBIO_SMRT	2295778	2246986	2246138	0.9787	0.9784	yes
SRR29606854	PACBIO_SMRT	3350345	3006802	3015452	0.8975	0.9000	yes
SRR29632262	PACBIO_SMRT	2251573	2213682	2213786	0.9832	0.9832	yes
SRR29635771	PACBIO_SMRT	2297675	2256176	2256363	0.9819	0.9820	yes
SRR29644585	PACBIO_SMRT	7215835	6145190	6257583	0.8516	0.8672	yes
SRR29650136	PACBIO_SMRT	2425487	2405660	2415792	0.9918	0.9960	yes
SRR29676179	PACBIO_SMRT	2434017	2418241	2426202	0.9935	0.9968	yes
SRR29686943	PACBIO_SMRT	2482095	2362488	2373530	0.9518	0.9563	yes
SRR29687153	PACBIO_SMRT	2430581	2341562	2346065	0.9634	0.9652	yes
SRR29688496	PACBIO_SMRT	2486799	2428674	2435652	0.9766	0.9794	yes
SRR29688497	PACBIO_SMRT	2427823	2365848	2376714	0.9745	0.9789	yes
SRR29688498	PACBIO_SMRT	2458744	2231362	2246494	0.9075	0.9137	yes
SRR29688558	PACBIO_SMRT	2374838	2235552	2235214	0.9413	0.9412	yes
SRR29688559	PACBIO_SMRT	2348918	2261846	2263016	0.9629	0.9634	yes
SRR29688560	PACBIO_SMRT	2403676	2204503	2214636	0.9171	0.9214	yes
SRR29688561	PACBIO_SMRT	2364007	2262960	2267768	0.9573	0.9593	yes
SRR29688562	PACBIO_SMRT	2495200	2411713	2416960	0.9665	0.9686	yes
SRR29688624	PACBIO_SMRT	2473468	2407708	2418371	0.9734	0.9777	yes
SRR29944176	PACBIO_SMRT	4796457	6310723	5755556	1.3157	1.2000	yes
SRR30049752	PACBIO_SMRT	3872269	5728026	5125626	1.4792	1.3237	yes
SRR30049938	PACBIO_SMRT	10410654	15367762	13842928	1.4762	1.3297	yes
SRR30076315	PACBIO_SMRT	8753169	10809382	10007689	1.2349	1.1433	yes
SRR30076316	PACBIO_SMRT	7998085	14517988	12581277	1.8152	1.5730	yes
SRR30077469	PACBIO_SMRT	5074034	5677312	5314597	1.1189	1.0474	yes
SRR30082401	PACBIO_SMRT	6119030	10643861	9193425	1.7395	1.5024	yes
SRR30087447	PACBIO_SMRT	7738336	8427498	7813371	1.0891	1.0097	yes
SRR30128336	PACBIO_SMRT	5830992	5091330	5240006	0.8731	0.8986	yes
SRR30162148	PACBIO_SMRT	9426838	7779235	8013475	0.8252	0.8501	yes
SRR30162149	PACBIO_SMRT	11093179	3799864	4368370	0.3425	0.3938	yes
SRR3019206	PACBIO_SMRT	4194523	7128728	5675353	1.6995	1.3530	yes
SRR30211838	PACBIO_SMRT	8004949	11215082	10215844	1.4010	1.2762	yes
SRR30223606	PACBIO_SMRT	7079060	6659134	6803265	0.9407	0.9610	yes
SRR30238144	PACBIO_SMRT	6362976	5888945	5939305	0.9255	0.9334	yes
SRR30238161	PACBIO_SMRT	9919656	8075513	8310648	0.8141	0.8378	yes
SRR30255941	PACBIO_SMRT	7086255	11063722	9707568	1.5613	1.3699	yes
SRR30275311	PACBIO_SMRT	8104678	11136600	9997709	1.3741	1.2336	yes
SRR3028939	PACBIO_SMRT	4084533	7166779	5766543	1.7546	1.4118	yes
SRR30357565	PACBIO_SMRT	2791411	663578	426777	0.2377	0.1529	yes
SRR30357566	PACBIO_SMRT	2834287	1146906	647872	0.4047	0.2286	yes
SRR30357567	PACBIO_SMRT	2897507	681344	452430	0.2351	0.1561	yes
SRR30357568	PACBIO_SMRT	2759957	802786	624647	0.2909	0.2263	yes
SRR3038646	PACBIO_SMRT	3914565	6658546	5312791	1.7010	1.3572	yes
SRR3038655	PACBIO_SMRT	4159640	6517322	5504560	1.5668	1.3233	yes
SRR3038659	PACBIO_SMRT	3945134	5674500	4856743	1.4384	1.2311	yes
SRR30397318	PACBIO_SMRT	3366048	2896722	2904298	0.8606	0.8628	yes
SRR30573099	PACBIO_SMRT	3586765	3545376	3553826	0.9885	0.9908	yes
SRR30599898	PACBIO_SMRT	6347129	11125188	9962691	1.7528	1.5696	yes
SRR30640849	PACBIO_SMRT	4422110	4042690	4169433	0.9142	0.9429	yes
SRR30641007	PACBIO_SMRT	4422110	4100517	4182212	0.9273	0.9458	yes
SRR3109671	PACBIO_SMRT	3584812	6311230	5030066	1.7605	1.4032	yes
SRR3109909	PACBIO_SMRT	4169506	7584822	6070826	1.8191	1.4560	yes
SRR3109926	PACBIO_SMRT	4109153	6622671	5505853	1.6117	1.3399	yes
SRR3109930	PACBIO_SMRT	3211717	4423470	3715708	1.3773	1.1569	yes
SRR3109983	PACBIO_SMRT	4020063	7045706	5711464	1.7526	1.4207	yes
SRR3114698	PACBIO_SMRT	1974262	2492542	2248122	1.2625	1.1387	yes
SRR3114710	PACBIO_SMRT	2199877	2921318	2469831	1.3279	1.1227	yes
SRR3356468	PACBIO_SMRT	5643099	8860464	7082764	1.5701	1.2551	yes
SRR3356531	PACBIO_SMRT	5601971	8751235	6928674	1.5622	1.2368	yes
SRR3441689	PACBIO_SMRT	4103417	4303395	4217309	1.0487	1.0278	yes
SRR3441720	PACBIO_SMRT	4133777	95416888	39703328	23.0823	9.6046	yes
SRR3593477	PACBIO_SMRT	3425292	5851743	4647796	1.7084	1.3569	yes
SRR3880289	PACBIO_SMRT	4574859	8841528	5785416	1.9326	1.2646	yes
SRR3880290	PACBIO_SMRT	6626583	17261262	9553501	2.6049	1.4417	yes
SRR3880376	PACBIO_SMRT	4403499	9383488	5992062	2.1309	1.3608	yes
SRR3880379	PACBIO_SMRT	4674684	8509933	6520413	1.8204	1.3948	yes
SRR3880380	PACBIO_SMRT	4964647	9673048	7054417	1.9484	1.4209	yes
SRR4017189	PACBIO_SMRT	3431804	3334172	3384975	0.9716	0.9864	yes
SRR4097312	PACBIO_SMRT	6643823	8358214	7344685	1.2580	1.1055	yes
SRR4097316	PACBIO_SMRT	6642996	8447049	7412795	1.2716	1.1159	yes
SRR4097329	PACBIO_SMRT	6681992	8142006	7218846	1.2185	1.0803	yes
SRR4097352	PACBIO_SMRT	6645477	8063528	7012470	1.2134	1.0552	yes
SRR4097552	PACBIO_SMRT	6681975	8416316	7406446	1.2596	1.1084	yes
SRR4097624	PACBIO_SMRT	6639108	8115049	7147883	1.2223	1.0766	yes
SRR4097691	PACBIO_SMRT	6681981	8385015	7332582	1.2549	1.0974	yes
SRR4097763	PACBIO_SMRT	6683204	8426491	7356207	1.2608	1.1007	yes
SRR4300073	PACBIO_SMRT	5531320	7732585	6366080	1.3980	1.1509	yes
SRR4300075	PACBIO_SMRT	5530258	12940594	8750232	2.3400	1.5822	yes
SRR5066061	PACBIO_SMRT	6852809	13844935	11686900	2.0203	1.7054	no
SRR5179548	PACBIO_SMRT	6441270	9422148	7827014	1.4628	1.2151	yes
SRR5282539	PACBIO_SMRT	7222235	10503287	8534617	1.4543	1.1817	yes
SRR5320247	PACBIO_SMRT	2802697	3706902	3285114	1.3226	1.1721	yes
SRR5320430	PACBIO_SMRT	5386612	8746405	6811738	1.6237	1.2646	yes
SRR5362220	PACBIO_SMRT	2414275	18661332	14571397	7.7296	6.0355	yes
SRR5362225	PACBIO_SMRT	2838633	17353222	13665314	6.1132	4.8140	yes
SRR5400280	PACBIO_SMRT	4934662	16525115	12476176	3.3488	2.5283	yes
SRR5440732	PACBIO_SMRT	5501145	37493456	26850852	6.8156	4.8810	yes
SRR5635116	PACBIO_SMRT	5732200	7786904	6639842	1.3584	1.1583	yes
SRR5810498	PACBIO_SMRT	2343999	3455294	2871354	1.4741	1.2250	yes
SRR5810500	PACBIO_SMRT	2334880	4370122	3379988	1.8717	1.4476	yes
SRR5817725	OXFORD_NANOPORE	6614036	6783159	6941237	1.0256	1.0495	yes
SRR5826156	PACBIO_SMRT	4103251	26313662	15460910	6.4129	3.7680	yes
SRR5829677	PACBIO_SMRT	4088698	18828260	12411098	4.6050	3.0355	yes
SRR5829729	PACBIO_SMRT	4111644	31429116	22212292	7.6439	5.4023	yes
SRR5855230	PACBIO_SMRT	2153937	2504242	2288409	1.1626	1.0624	yes
SRR5949107	PACBIO_SMRT	7437059	15782572	11560022	2.1222	1.5544	yes
SRR5949108	PACBIO_SMRT	7436980	14203723	10732842	1.9099	1.4432	yes
SRR6008331	PACBIO_SMRT	7207640	11994310	9616641	1.6641	1.3342	yes
SRR6029562	PACBIO_SMRT	9611874	22194420	12190384	2.3091	1.2683	yes
SRR6331514	PACBIO_SMRT	2468871	12210633	8905958	4.9458	3.6073	yes
SRR6413814	PACBIO_SMRT	7278330	13698235	10208796	1.8821	1.4026	yes
SRR6515889	PACBIO_SMRT	5629494	14262494	11023509	2.5335	1.9582	no
SRR6635820	PACBIO_SMRT	5079402	10852584	8418854	2.1366	1.6574	yes
SRR6635822	PACBIO_SMRT	5079402	9973062	8510538	1.9634	1.6755	yes
SRR6742499	PACBIO_SMRT	6462637	11410060	8827191	1.7655	1.3659	yes
SRR6825087	PACBIO_SMRT	3502671	8973552	6036147	2.5619	1.7233	yes
SRR6982907	PACBIO_SMRT	5553146	11450499	8348042	2.0620	1.5033	yes
SRR6982908	PACBIO_SMRT	5555919	12521006	9095936	2.2536	1.6372	yes
SRR6982909	PACBIO_SMRT	5553249	9299318	7176628	1.6746	1.2923	yes
SRR6982910	PACBIO_SMRT	5553251	8169648	6558580	1.4711	1.1810	yes
SRR6982911	PACBIO_SMRT	5553154	8863713	6897750	1.5962	1.2421	yes
SRR6982912	PACBIO_SMRT	5553163	8193634	6580212	1.4755	1.1849	yes
SRR6982913	PACBIO_SMRT	5553169	8109182	6543869	1.4603	1.1784	yes
SRR6982914	PACBIO_SMRT	5553158	9155353	7049218	1.6487	1.2694	yes
SRR6982915	PACBIO_SMRT	5555913	11077162	7723827	1.9938	1.3902	yes
SRR6982916	PACBIO_SMRT	5555925	7183969	5983942	1.2930	1.0770	yes
SRR6982917	PACBIO_SMRT	5551313	6703411	5863744	1.2075	1.0563	yes
SRR6982918	PACBIO_SMRT	5553158	6942628	6009192	1.2502	1.0821	yes
SRR6982919	PACBIO_SMRT	5552230	7923343	6595882	1.4271	1.1880	yes
SRR6982920	PACBIO_SMRT	5531321	7577006	6364035	1.3698	1.1505	yes
SRR6982921	PACBIO_SMRT	5542245	7910396	6471040	1.4273	1.1676	yes
SRR6982922	PACBIO_SMRT	5559170	7195275	6241826	1.2943	1.1228	yes
SRR6982923	PACBIO_SMRT	5542240	6814518	6020845	1.2296	1.0864	yes
SRR6982924	PACBIO_SMRT	5542244	7163036	6237062	1.2924	1.1254	yes
SRR6982925	PACBIO_SMRT	5600993	7275514	6205238	1.2990	1.1079	yes
SRR6982926	PACBIO_SMRT	5601006	6999374	6125316	1.2497	1.0936	yes
SRR6982927	PACBIO_SMRT	5680026	11569767	8545429	2.0369	1.5045	yes
SRR6982928	PACBIO_SMRT	5697472	10090578	7778254	1.7711	1.3652	yes
SRR6982929	PACBIO_SMRT	5555919	6814791	5840041	1.2266	1.0511	yes
SRR6982931	PACBIO_SMRT	5551589	7622175	6396002	1.3730	1.1521	yes
SRR6982932	PACBIO_SMRT	5551339	12118658	8677564	2.1830	1.5631	yes
SRR6982933	PACBIO_SMRT	5555563	6330564	5568814	1.1395	1.0024	yes
SRR6982934	PACBIO_SMRT	5553074	8050632	6459512	1.4498	1.1632	yes
SRR6982935	PACBIO_SMRT	5555919	7572826	6274480	1.3630	1.1293	yes
SRR6982936	PACBIO_SMRT	5555917	7039134	6078806	1.2670	1.0941	yes
SRR6982937	PACBIO_SMRT	5546907	9463357	7500505	1.7061	1.3522	yes
SRR6982938	PACBIO_SMRT	5495749	7340293	6295847	1.3356	1.1456	yes
SRR6982939	PACBIO_SMRT	5553168	6837206	5956901	1.2312	1.0727	yes
SRR6982940	PACBIO_SMRT	5555918	7402760	6256812	1.3324	1.1262	yes
SRR6982941	PACBIO_SMRT	5553150	7507674	6260936	1.3520	1.1275	yes
SRR6982942	PACBIO_SMRT	5517290	7313816	6114737	1.3256	1.1083	yes
SRR6982943	PACBIO_SMRT	5517227	6812584	5739304	1.2348	1.0403	yes
SRR6982945	PACBIO_SMRT	5577185	8383722	6735450	1.5032	1.2077	yes
SRR6985643	PACBIO_SMRT	2855408	36146128	23485680	12.6588	8.2250	yes
SRR6985735	PACBIO_SMRT	4897845	12734618	10127262	2.6000	2.0677	yes
SRR7183053	PACBIO_SMRT	3005997	11915290	6677626	3.9638	2.2214	yes
SRR7183054	PACBIO_SMRT	3005997	11583081	6404461	3.8533	2.1306	yes
SRR7183055	PACBIO_SMRT	3005997	9012486	5539721	2.9982	1.8429	yes
SRR7205491	PACBIO_SMRT	5379839	7397313	6794928	1.3750	1.2630	yes
SRR7640589	PACBIO_SMRT	2566193	4086555	3196158	1.5925	1.2455	yes
SRR7640590	PACBIO_SMRT	2566193	3970306	2997406	1.5472	1.1680	yes
SRR7640788	PACBIO_SMRT	4141708	10380609	7082091	2.5064	1.7099	yes
SRR7668116	PACBIO_SMRT	2478942	6915628	4147836	2.7897	1.6732	yes
SRR7686016	PACBIO_SMRT	3628651	6142804	5696463	1.6929	1.5699	yes
SRR7686591	PACBIO_SMRT	4614212	6308578	5352893	1.3672	1.1601	yes
SRR7692455	PACBIO_SMRT	1833864	3780413	2853061	2.0614	1.5558	yes
SRR7692458	PACBIO_SMRT	1838740	3508218	2545536	1.9079	1.3844	yes
SRR7692459	PACBIO_SMRT	1833710	3471075	2567470	1.8929	1.4002	yes
SRR7692460	PACBIO_SMRT	1840062	3597396	2645171	1.9550	1.4375	yes
SRR7692504	PACBIO_SMRT	1833305	3326892	2608448	1.8147	1.4228	yes
SRR7692507	PACBIO_SMRT	2013003	3778412	2831583	1.8770	1.4066	yes
SRR7721906	PACBIO_SMRT	2337902	16759990	11910937	7.1688	5.0947	yes
SRR7781231	PACBIO_SMRT	3558757	6724427	5648104	1.8895	1.5871	yes
SRR7817081	PACBIO_SMRT	5642022	8224220	6447904	1.4577	1.1428	yes
SRR7971250	PACBIO_SMRT	5581536	24316912	18236732	4.3567	3.2673	yes
SRR7971259	PACBIO_SMRT	5638235	14927762	12142187	2.6476	2.1535	yes
SRR8105427	PACBIO_SMRT	3387846	4093095	3661742	1.2082	1.0808	yes
SRR8258035	PACBIO_SMRT	1908276	1052816	647367	0.5517	0.3392	yes
SRR8283322	PACBIO_SMRT	1273530	1117558	1124386	0.8775	0.8829	yes
SRR8293886	PACBIO_SMRT	5096894	5848226	5412932	1.1474	1.0620	yes
SRR8305981	PACBIO_SMRT	4806207	7738430	7027896	1.6101	1.4623	yes
SRR8305998	PACBIO_SMRT	4459473	6212310	5675292	1.3931	1.2726	yes
SRR8306355	PACBIO_SMRT	4688242	6505548	5959534	1.3876	1.2712	yes
SRR8306745	PACBIO_SMRT	4774176	6510458	6029300	1.3637	1.2629	yes
SRR8327213	PACBIO_SMRT	7367863	13296096	10086934	1.8046	1.3690	yes
SRR8362596	PACBIO_SMRT	4917491	7148266	6436988	1.4536	1.3090	yes
SRR8362597	PACBIO_SMRT	5220569	7037866	6414580	1.3481	1.2287	yes
SRR8362616	PACBIO_SMRT	4949027	6589932	5711348	1.3316	1.1540	yes
SRR8362618	PACBIO_SMRT	2939705	4084775	3822558	1.3895	1.3003	yes
SRR8362621	PACBIO_SMRT	5645678	7563551	6951682	1.3397	1.2313	yes
SRR8362625	PACBIO_SMRT	5536651	7457799	6754320	1.3470	1.2199	yes
SRR8362631	PACBIO_SMRT	4581781	6434374	5854945	1.4043	1.2779	yes
SRR8365815	PACBIO_SMRT	8025568	21432512	18172104	2.6705	2.2643	yes
SRR8416122	PACBIO_SMRT	2996750	5926154	4412332	1.9775	1.4724	yes
SRR8416224	PACBIO_SMRT	3824290	6569200	5208206	1.7178	1.3619	yes
SRR8489231	PACBIO_SMRT	4774876	7015282	6009012	1.4692	1.2585	yes
SRR8489233	PACBIO_SMRT	4727462	6903535	5884971	1.4603	1.2448	yes
SRR8489307	PACBIO_SMRT	5144090	7055270	6411514	1.3715	1.2464	yes
SRR8489315	PACBIO_SMRT	4727570	6932528	5923328	1.4664	1.2529	yes
SRR8549120	PACBIO_SMRT	5305706	7104371	6500574	1.3390	1.2252	yes
SRR8549885	PACBIO_SMRT	4858998	7118554	5917312	1.4650	1.2178	yes
SRR8618952	PACBIO_SMRT	4907789	5833540	5266750	1.1886	1.0731	yes
SRR8893068	PACBIO_SMRT	5316784	7697372	6789445	1.4477	1.2770	yes
SRR8961732	PACBIO_SMRT	5504076	8368772	7331582	1.5205	1.3320	yes
SRR8984467	PACBIO_SMRT	4581018	9483972	8181856	2.0703	1.7860	yes
SRR8989648	PACBIO_SMRT	6478619	26272010	19001394	4.0552	2.9329	yes
SRR9027110	PACBIO_SMRT	7163595	10261095	8501439	1.4324	1.1868	yes
SRR9043820	PACBIO_SMRT	3561338	10883136	7356996	3.0559	2.0658	yes
SRR9052984	PACBIO_SMRT	1898954	2373059	2153614	1.2497	1.1341	yes
SRR9056840	PACBIO_SMRT	5120753	6550172	5734275	1.2791	1.1198	yes
SRR9119442	PACBIO_SMRT	5031277	19565140	12308234	3.8887	2.4463	yes
SRR9119443	PACBIO_SMRT	5031277	18792674	12050205	3.7352	2.3951	yes
SRR9150091	PACBIO_SMRT	2801264	12375999	7538780	4.4180	2.6912	yes
SRR9176580	PACBIO_SMRT	2652717	5590914	4802894	2.1076	1.8106	yes
SRR9313687	PACBIO_SMRT	3896541	6620867	5271254	1.6992	1.3528	yes
SRR9588640	PACBIO_SMRT	4426525	7339191	5666251	1.6580	1.2801	yes
SRR9609586	PACBIO_SMRT	2738835	5309650	4239142	1.9387	1.5478	yes
SRR9641469	PACBIO_SMRT	3352987	9906202	7758222	2.9544	2.3138	yes
SRR9693851	PACBIO_SMRT	5645963	9080854	7214989	1.6084	1.2779	yes
SRR9694229	PACBIO_SMRT	5503522	10295208	8054446	1.8707	1.4635	yes
SRR9701318	PACBIO_SMRT	3983303	11637908	8290420	2.9217	2.0813	yes
SRR9701320	PACBIO_SMRT	3983323	6517470	5357832	1.6362	1.3451	yes
SRR9794369	PACBIO_SMRT	2430152	5135242	3803896	2.1131	1.5653	yes
SRR9822117	PACBIO_SMRT	5082434	9003679	6651506	1.7715	1.3087	yes
SRR9849571	OXFORD_NANOPORE	4107409	4423691	4344528	1.0770	1.0577	yes
SRR9861703	PACBIO_SMRT	2722946	2806295	2554067	1.0306	0.9380	yes
SRR9887248	PACBIO_SMRT	7075587	10761944	9399752	1.5210	1.3285	yes
