run	platform	class	legacy_ratio	normalized_ratio	skew_score	retained_fraction	profile_median_depth	target_len_shift
SRR25570561	OXFORD_NANOPORE	moved_but_still_in_band	0.9060	0.9423	16.0	0.8084	142	1.1522
SRR25570560	OXFORD_NANOPORE	moved_but_still_in_band	0.9085	0.9215	21.0	0.8363	144	1.1562
ERR10360290	OXFORD_NANOPORE	moved_but_still_in_band	0.9137	0.9775	16.0	0.3171	28	0.9956
SRR21362423	OXFORD_NANOPORE	moved_but_still_in_band	0.9153	0.9198	16.0	0.9432	77	1.0119
SRR28800581	OXFORD_NANOPORE	moved_but_still_in_band	0.9179	0.9143	16.0	0.9720	148	1.0227
SRR27967419	OXFORD_NANOPORE	moved_but_still_in_band	0.9197	0.9219	16.0	0.9873	123	1.0068
SRR14684526	OXFORD_NANOPORE	moved_but_still_in_band	0.9204	0.9943	20.0	0.7685	36	1.0440
SRR26643263	OXFORD_NANOPORE	moved_but_still_in_band	0.9363	0.9516	17.0	0.8383	121	1.1121
SRR12825098	OXFORD_NANOPORE	moved_but_still_in_band	0.9390	0.9683	16.0	0.6492	31	1.0152
SRR29516549	OXFORD_NANOPORE	moved_but_still_in_band	0.9406	0.9222	18.0	0.9503	128	1.0165
SRR30284786	OXFORD_NANOPORE	moved_but_still_in_band	0.9408	0.9436	60.0	0.9446	163	0.9994
SRR26465462	OXFORD_NANOPORE	moved_but_still_in_band	0.9462	0.9858	16.0	0.2235	32	0.9794
SRR23690829	OXFORD_NANOPORE	moved_but_still_in_band	0.9516	1.0581	16.0	0.2863	18	0.9458
DRR332829	OXFORD_NANOPORE	moved_but_still_in_band	0.9518	1.0397	18.0	0.5075	23	0.9630
SRR19165805	OXFORD_NANOPORE	moved_but_still_in_band	0.9518	0.9382	18.0	0.9601	69	0.9970
SRR25689478	OXFORD_NANOPORE	moved_but_still_in_band	0.9533	0.9391	18.0	0.8267	140	1.1456
SRR21224253	OXFORD_NANOPORE	moved_but_still_in_band	0.9561	1.0106	22.0	0.3726	3	1.0296
SRR15006055	OXFORD_NANOPORE	moved_but_still_in_band	0.9570	1.0547	20.0	0.3402	18	0.9330
SRR26465565	OXFORD_NANOPORE	moved_but_still_in_band	0.9574	0.9539	29.0	0.9050	89	1.0357
SRR21696337	OXFORD_NANOPORE	moved_but_still_in_band	0.9595	0.9369	19.0	0.9461	46	1.0198
SRR26465432	OXFORD_NANOPORE	moved_but_still_in_band	0.9596	0.9729	59.0	0.2192	26	1.0249
SRR26841315	OXFORD_NANOPORE	moved_but_still_in_band	0.9625	0.9936	19.0	0.3691	22	0.8859
SRR27256802	OXFORD_NANOPORE	moved_but_still_in_band	0.9634	0.9677	17.0	0.9910	171	1.0079
SRR19165795	OXFORD_NANOPORE	moved_but_still_in_band	0.9640	0.9909	20.0	0.7423	45	1.0169
SRR19843344	OXFORD_NANOPORE	moved_but_still_in_band	0.9669	0.9539	19.0	0.9849	105	1.0268
SRR24860068	OXFORD_NANOPORE	moved_but_still_in_band	0.9690	0.9617	28.0	0.9800	121	0.9994
SRR25269555	OXFORD_NANOPORE	moved_but_still_in_band	0.9715	0.9599	22.0	0.9873	131	0.9901
SRR15006054	OXFORD_NANOPORE	moved_but_still_in_band	0.9718	1.0187	18.0	0.3844	6	0.9172
SRR24860066	OXFORD_NANOPORE	moved_but_still_in_band	0.9721	0.9607	23.0	0.9839	132	0.9894
SRR19843287	OXFORD_NANOPORE	moved_but_still_in_band	0.9744	0.9952	18.0	0.9917	120	0.9958
SRR12881568	OXFORD_NANOPORE	moved_but_still_in_band	0.9748	0.9833	16.0	0.9384	33	1.0323
SRR8523153	OXFORD_NANOPORE	moved_but_still_in_band	0.9751	0.9488	19.0	0.7848	26	1.0584
SRR18331509	OXFORD_NANOPORE	moved_but_still_in_band	0.9762	0.9676	16.0	0.9091	40	1.0020
SRR19165768	OXFORD_NANOPORE	moved_but_still_in_band	0.9763	0.9502	72.0	0.7890	85	1.0950
DRR346622	OXFORD_NANOPORE	moved_but_still_in_band	0.9771	1.0444	18.0	0.3749	31	0.9624
SRR25708024	OXFORD_NANOPORE	moved_but_still_in_band	0.9782	1.0128	20.0	0.2608	31	0.9739
SRR11096308	OXFORD_NANOPORE	moved_but_still_in_band	0.9785	0.9777	17.0	0.8284	10	1.0067
SRR19165811	OXFORD_NANOPORE	moved_but_still_in_band	0.9794	0.9430	17.0	0.9272	67	1.0368
SRR21563471	OXFORD_NANOPORE	moved_but_still_in_band	0.9799	0.9555	18.0	0.9284	65	1.0055
SRR27136109	OXFORD_NANOPORE	moved_but_still_in_band	0.9875	0.9696	16.0	0.9756	153	0.9820
SRR19820549	OXFORD_NANOPORE	moved_but_still_in_band	0.9907	1.0320	17.0	0.6357	58	1.0154
ERR12041384	OXFORD_NANOPORE	moved_but_still_in_band	0.9916	1.0020	16.0	0.2313	30	0.9454
SRR26465559	OXFORD_NANOPORE	moved_but_still_in_band	0.9918	0.9548	27.0	0.7979	73	1.0373
SRR19165786	OXFORD_NANOPORE	moved_but_still_in_band	0.9928	0.9547	18.0	0.8309	73	1.0317
SRR19816770	OXFORD_NANOPORE	moved_but_still_in_band	0.9956	1.0057	18.0	0.8565	73	0.9958
SRR24860067	OXFORD_NANOPORE	moved_but_still_in_band	0.9987	0.9967	23.0	0.9742	127	1.0199
SRR21465926	OXFORD_NANOPORE	moved_but_still_in_band	0.9999	0.9797	16.0	0.9541	177	1.0447
SRR26146665	OXFORD_NANOPORE	moved_but_still_in_band	1.0003	0.9996	19.0	0.9667	250	1.0318
SRR13148778	OXFORD_NANOPORE	moved_but_still_in_band	1.0028	1.0419	21.0	0.4162	23	0.9055
SRR18686633	OXFORD_NANOPORE	moved_but_still_in_band	1.0031	1.0060	22.0	0.9720	87	1.0206
SRR30293580	OXFORD_NANOPORE	moved_but_still_in_band	1.0047	1.0112	17.0	0.9832	130	0.9800
SRR28607550	OXFORD_NANOPORE	moved_but_still_in_band	1.0068	1.0011	28.0	0.6715	27	1.0415
SRR29190359	OXFORD_NANOPORE	moved_but_still_in_band	1.0072	1.0118	19.0	0.9930	165	1.0115
SRR17880880	OXFORD_NANOPORE	moved_but_still_in_band	1.0093	1.0130	16.0	0.8187	33	1.0347
SRR25497966	OXFORD_NANOPORE	moved_but_still_in_band	1.0098	1.0390	18.0	0.2483	28	0.9475
SRR27561279	OXFORD_NANOPORE	moved_but_still_in_band	1.0119	1.0628	20.0	0.3684	31	0.9160
SRR18559473	OXFORD_NANOPORE	moved_but_still_in_band	1.0143	1.0258	21.0	0.3767	27	1.0405
SRR26146667	OXFORD_NANOPORE	moved_but_still_in_band	1.0195	1.0028	18.0	0.9588	235	0.9998
SRR10523785	OXFORD_NANOPORE	moved_but_still_in_band	1.0207	1.0033	20.0	0.6827	28	0.9944
ERR12075675	OXFORD_NANOPORE	moved_but_still_in_band	1.0214	0.9892	17.0	0.9714	104	1.0221
SRR12367307	OXFORD_NANOPORE	moved_but_still_in_band	1.0252	1.0160	16.0	0.9720	39	1.0153
SRR12247756	OXFORD_NANOPORE	moved_but_still_in_band	1.0275	1.0560	43.0	0.5903	22	1.2287
SRR23392100	OXFORD_NANOPORE	moved_but_still_in_band	1.0280	1.0482	18.0	0.7812	62	1.0210
SRR27967205	OXFORD_NANOPORE	moved_but_still_in_band	1.0330	0.9737	33.0	0.8747	23	1.0518
SRR26994302	OXFORD_NANOPORE	moved_but_still_in_band	1.0381	0.9577	21.0	0.8952	27	0.9632
SRR30295613	OXFORD_NANOPORE	moved_but_still_in_band	1.0434	1.0516	18.0	0.9916	151	1.0037
DRR403240	OXFORD_NANOPORE	moved_but_still_in_band	1.0461	0.9879	65.0	0.8109	130	1.1229
SRR30293611	OXFORD_NANOPORE	moved_but_still_in_band	1.0502	1.0211	16.0	0.9932	150	0.9825
SRR19165826	OXFORD_NANOPORE	moved_but_still_in_band	1.0530	0.9879	20.0	0.7884	57	1.0056
SRR12615804	OXFORD_NANOPORE	moved_but_still_in_band	1.0561	1.0670	17.0	0.3580	24	0.9633
SRR17687496	OXFORD_NANOPORE	moved_but_still_in_band	1.0568	1.0166	23.0	0.9455	74	1.0206
SRR25110884	OXFORD_NANOPORE	moved_but_still_in_band	1.0570	0.9878	29.0	0.3000	28	0.8212
SRR19816803	OXFORD_NANOPORE	moved_but_still_in_band	1.0572	1.0643	17.0	0.8822	84	1.0033
SRR24561041	OXFORD_NANOPORE	moved_but_still_in_band	1.0632	0.9624	56.0	0.7255	63	1.0260
SRR14684533	OXFORD_NANOPORE	moved_but_still_in_band	1.0687	1.0760	20.0	0.7089	32	1.0172
ERR12075678	OXFORD_NANOPORE	moved_but_still_in_band	1.0718	1.0884	23.0	0.2193	28	1.0335
SRR23389232	OXFORD_NANOPORE	moved_but_still_in_band	1.0751	1.0037	19.0	0.9320	126	0.9767
SRR23290064	OXFORD_NANOPORE	moved_but_still_in_band	1.0805	1.0540	29.0	0.8218	96	1.0550
SRR27956926	PACBIO_SMRT	moved_but_still_in_band	1.0810	1.0558	20.0	0.9815	30	1.0158
SRR21817393	OXFORD_NANOPORE	moved_but_still_in_band	1.0822	1.0611	21.0	0.7754	29	1.0026
SRR12298664	OXFORD_NANOPORE	moved_but_still_in_band	1.0862	1.0373	50.0	0.7404	30	1.0796
SRR24952281	OXFORD_NANOPORE	moved_but_still_in_band	1.0891	1.0581	21.0	0.6789	35	1.0188
SRR12299142	OXFORD_NANOPORE	moved_but_still_in_band	1.0930	1.0817	50.0	0.6225	29	1.0801
DRR397251	OXFORD_NANOPORE	moved_but_still_in_band	1.0945	1.0291	16.0	0.8930	58	1.0144
SRR28415521	OXFORD_NANOPORE	moved_but_still_in_band	1.0987	1.0656	16.0	0.9696	93	0.9672
SRR16631313	PACBIO_SMRT	other	0.0876	0.1207	40.0	0.9456	11	1.0037
SRR16767125	PACBIO_SMRT	other	0.0970	0.1680	46.0	0.9496	11	0.9992
SRR10259778	OXFORD_NANOPORE	other	0.1052	0.4383	43.0	0.8403	24	0.9840
SRR17188519	PACBIO_SMRT	other	0.1127	0.1962	43.0	0.9488	17	1.0002
SRR30162149	PACBIO_SMRT	other	0.1152	0.3425	42.0	0.9130	93	1.0183
SRR30357568	PACBIO_SMRT	other	0.2109	0.2909	20.67	0.9983	334	0.9964
SRR24489322	OXFORD_NANOPORE	other	0.2234	0.4021	25.0	0.7520	27	0.9296
SRR30357567	PACBIO_SMRT	other	0.2446	0.2351	21.0	0.9984	314	1.0002
SRR30357566	PACBIO_SMRT	other	0.3914	0.4047	18.33	0.9988	113	0.9959
SRR26465563	OXFORD_NANOPORE	other	0.5367	0.9760	86.0	0.6395	76	1.1827
SRR17479173	OXFORD_NANOPORE	other	0.5728	0.8090	26.0	0.2747	25	1.0069
SRR26465429	OXFORD_NANOPORE	other	0.6419	0.9804	135.0	0.2397	24	1.1671
SRR28623331	OXFORD_NANOPORE	other	0.6593	0.9953	54.0	0.7929	91	1.0768
SRR13009132	OXFORD_NANOPORE	other	0.6607	0.4813	47.0	0.2082	17	1.0248
SRR21857881	OXFORD_NANOPORE	other	0.6827	0.7905	76.0	0.6771	8	1.2534
SRR28223506	OXFORD_NANOPORE	other	0.7608	0.8129	17.0	0.3684	15	0.9912
SRR10340803	OXFORD_NANOPORE	other	0.7960	0.8340	18.0	0.9311	5	1.0271
SRR30238161	PACBIO_SMRT	other	0.8058	0.8141	21.0	0.9921	107	1.0041
SRR12299058	OXFORD_NANOPORE	other	0.8086	1.0485	40.0	0.5345	27	1.2856
SRR24201568	OXFORD_NANOPORE	other	0.8090	0.8792	24.0	0.4578	23	0.9860
SRR30162148	PACBIO_SMRT	other	0.8202	0.8252	16.0	0.9967	110	1.0047
SRR23690853	OXFORD_NANOPORE	other	0.8478	0.9835	31.0	0.3734	19	0.9827
SRR28208482	OXFORD_NANOPORE	other	0.8590	0.9596	34.0	0.3263	20	0.9335
SRR13051579	OXFORD_NANOPORE	other	0.8606	0.9133	22.0	0.6869	24	1.0107
SRR27726272	PACBIO_SMRT	other	0.8610	0.8313	26.0	0.9414	39	0.9996
DRR424729	OXFORD_NANOPORE	other	0.8656	0.9938	25.0	0.1444	21	0.8863
SRR25689482	OXFORD_NANOPORE	other	0.8714	0.9165	20.0	0.8052	139	1.1619
SRR26841323	OXFORD_NANOPORE	other	0.8745	0.9284	17.0	0.5744	17	0.9567
SRR24905656	OXFORD_NANOPORE	other	0.8829	0.9011	17.0	0.9512	32	0.9948
SRR13496244	OXFORD_NANOPORE	other	0.8907	0.9206	21.0	0.7940	30	1.0052
SRR15095813	OXFORD_NANOPORE	other	0.8914	0.9759	23.0	0.4436	19	1.0093
SRR25689480	OXFORD_NANOPORE	other	0.8934	0.9477	21.0	0.7820	136	1.1723
SRR8523155	OXFORD_NANOPORE	other	0.8971	0.9726	18.0	0.7612	21	1.0490
SRR26643265	OXFORD_NANOPORE	other	0.8979	0.9373	16.0	0.7837	117	1.2045
DRR207366	OXFORD_NANOPORE	other	0.8990	1.0063	20.0	0.7075	23	0.9495
SRR22226934	OXFORD_NANOPORE	other	1.1023	1.0396	16.0	0.8700	17	0.9543
DRR424728	OXFORD_NANOPORE	other	1.1029	1.0864	35.0	0.1975	9	0.8318
SRR26465471	OXFORD_NANOPORE	other	1.1150	1.0493	29.0	0.9118	32	1.0052
SRR26730976	OXFORD_NANOPORE	other	1.1175	1.1662	18.0	0.5271	26	1.0139
SRR8457073	OXFORD_NANOPORE	other	1.1179	1.0355	48.0	0.7367	5	1.1173
SRR28415520	OXFORD_NANOPORE	other	1.1193	1.0548	21.0	0.9613	101	0.8968
SRR8457074	OXFORD_NANOPORE	other	1.1230	1.0546	42.0	0.7410	19	1.0877
SRR15006049	OXFORD_NANOPORE	other	1.1234	1.1100	43.0	0.2893	6	0.9942
SRR17833884	OXFORD_NANOPORE	other	1.1261	1.1663	19.0	0.3834	27	0.9952
SRR21630304	OXFORD_NANOPORE	other	1.1323	0.9946	79.0	0.7539	51	0.9426
SRR26465473	OXFORD_NANOPORE	other	1.1432	1.0931	19.0	0.9314	39	0.9412
SRR10259782	OXFORD_NANOPORE	other	1.1472	1.1518	16.0	0.9137	14	1.0397
SRR8457079	OXFORD_NANOPORE	other	1.1517	1.0686	38.0	0.7995	4	1.0512
SRR28415522	OXFORD_NANOPORE	other	1.1599	1.0615	33.0	0.9510	98	0.8492
SRR16004119	OXFORD_NANOPORE	other	1.1628	1.1749	16.0	0.6700	27	0.9856
SRR16917661	OXFORD_NANOPORE	other	1.1628	1.0676	126.0	0.8228	102	0.9732
DRR513997	OXFORD_NANOPORE	other	1.1640	1.5433	17.0	0.4594	22	0.9995
SRR27561273	OXFORD_NANOPORE	other	1.1725	1.1165	24.0	0.4509	26	0.9879
SRR10297968	OXFORD_NANOPORE	other	1.1789	1.0412	18.0	0.9050	38	0.8883
SRR30037587	OXFORD_NANOPORE	other	1.1834	1.2508	18.0	0.9732	147	1.0997
SRR12298378	OXFORD_NANOPORE	other	1.1889	1.1437	28.0	0.7946	30	1.1240
SRR12247701	OXFORD_NANOPORE	other	1.2044	1.1292	23.0	0.8761	11	1.0258
SRR23385478	OXFORD_NANOPORE	other	1.2152	1.1266	29.0	0.8925	35	0.9462
DRR204804	OXFORD_NANOPORE	other	1.2153	1.5110	22.0	0.4877	24	1.0271
SRR12298485	OXFORD_NANOPORE	other	1.2470	1.2279	18.0	0.9018	32	1.0132
SRR17883358	OXFORD_NANOPORE	other	1.2479	1.1211	118.0	0.8801	89	0.9392
SRR22533734	OXFORD_NANOPORE	other	1.2511	1.3978	23.0	0.4436	21	0.9975
SRR11687566	OXFORD_NANOPORE	other	1.2542	1.2605	19.0	0.8737	2	1.0485
SRR26305309	OXFORD_NANOPORE	other	1.2557	1.2188	33.0	0.7982	28	1.0164
SRR12298691	OXFORD_NANOPORE	other	1.2692	1.2206	33.0	0.8677	30	1.0301
SRR12881567	OXFORD_NANOPORE	other	1.2937	1.5705	20.0	0.5084	16	1.1075
SRR14933397	OXFORD_NANOPORE	other	1.3211	1.3571	19.0	0.5829	29	0.9369
SRR27561276	OXFORD_NANOPORE	other	1.3313	1.1836	26.0	0.6290	22	0.8811
SRR21634502	OXFORD_NANOPORE	other	1.3349	1.1172	24.0	0.8088	11	0.8986
SRR8902618	OXFORD_NANOPORE	other	1.3655	1.2791	16.0	0.8969	6	1.0296
SRR30867952	OXFORD_NANOPORE	other	1.3940	1.2199	73.0	0.7561	24	1.0264
SRR12492530	OXFORD_NANOPORE	other	1.3945	1.2566	32.0	0.8140	5	1.1133
SRR10238991	OXFORD_NANOPORE	other	1.4553	1.4257	24.0	0.8864	8	1.0385
SRR30868088	OXFORD_NANOPORE	other	1.4828	1.0772	16.0	0.6256	28	1.4377
SRR29131322	PACBIO_SMRT	other	1.8101	1.8238	35.0	0.9187	31	0.9912
SRR12247681	OXFORD_NANOPORE	regressed	0.9398	1.1101	117.0	0.4474	27	1.2512
SRR15006051	OXFORD_NANOPORE	regressed	0.9486	1.1100	25.0	0.3923	14	0.9383
SRR12298612	OXFORD_NANOPORE	regressed	0.9855	1.1011	36.0	0.6511	12	1.1297
SRR18884269	OXFORD_NANOPORE	regressed	1.0067	1.1167	21.0	0.4297	13	1.0607
SRR16893579	OXFORD_NANOPORE	regressed	1.0145	1.1126	19.0	0.3960	23	0.9966
SRR12299051	OXFORD_NANOPORE	regressed	1.0260	1.1712	77.0	0.5487	25	1.1654
SRR29744428	OXFORD_NANOPORE	regressed	1.0437	1.1266	16.0	0.3818	22	0.9679
SRR25497967	OXFORD_NANOPORE	regressed	1.0518	1.1038	16.0	0.2580	25	0.9210
DRR465255	OXFORD_NANOPORE	regressed	1.0543	1.1468	17.0	0.4998	24	0.9447
ERR11749503	OXFORD_NANOPORE	regressed	1.0832	1.1859	80.0	0.5405	26	1.3041
SRR15987647	OXFORD_NANOPORE	regressed	1.0834	1.1055	18.0	0.6956	23	1.0418
SRR15006050	OXFORD_NANOPORE	regressed	1.0851	1.1622	29.0	0.1591	21	0.9417
SRR23290063	OXFORD_NANOPORE	regressed	1.0978	1.1259	22.0	0.4558	47	0.9144
SRR26465526	OXFORD_NANOPORE	rescued	0.0122	0.9928	426.0	0.1754	31	1.5539
SRR10353548	OXFORD_NANOPORE	rescued	0.0167	1.0274	281.0	0.3352	21	1.0303
SRR10861751	OXFORD_NANOPORE	rescued	0.0179	0.9909	203.0	0.2554	15	1.3032
SRR26465521	OXFORD_NANOPORE	rescued	0.0185	0.9790	252.0	0.2663	34	1.5358
SRR10861747	OXFORD_NANOPORE	rescued	0.0192	0.9773	338.0	0.2200	21	1.2010
SRR26465524	OXFORD_NANOPORE	rescued	0.0233	0.9347	180.0	0.2883	30	1.4818
SRR26465523	OXFORD_NANOPORE	rescued	0.0267	0.9629	142.0	0.4678	44	1.1988
SRR26465560	OXFORD_NANOPORE	rescued	0.0984	0.9152	165.0	0.5464	67	1.1476
SRR26715166	OXFORD_NANOPORE	rescued	0.2466	0.9120	64.0	0.5026	3	1.2259
SRR10388020	OXFORD_NANOPORE	rescued	0.3508	1.0433	205.0	0.3661	16	0.9885
SRR15006052	OXFORD_NANOPORE	rescued	0.3646	0.8809	56.0	0.1401	21	0.9857
SRR26715165	OXFORD_NANOPORE	rescued	0.4090	0.9380	47.0	0.3853	13	1.1660
DRR213976	OXFORD_NANOPORE	rescued	0.4312	0.7535	28.0	0.6986	27	1.0133
